{"graph": {"_type": "graph-file", "path": "media/graph/graph_summary_2bb1c9e7.graph.json", "sha256": "2bb1c9e7a36927b2b2dc8a65894f54bc9ad9adb45e175f8416aedf86bb99c73a", "size": 2347}, "loss": 1.3655159195715731, "val_op_feat_loss": 1.3000118732452393, "_runtime": 19434.447899103165, "op_bin_accuracy": 0.2244318127632141, "op_dir_accuracy": 0.9232954382896423, "val_op_dir_accuracy": 0.7865168452262878, "op_bin_loss": 0.6389162540435791, "val_loss": 5.965635267536292, "val_op_bin_loss": 4.994898796081543, "_step": 19999, "_timestamp": 1587055471.196265, "op_feat_loss": 0.5054497718811035, "val_op_feat_accuracy": 0.550561785697937, "val_op_dir_loss": 0.8096691966056824, "op_feat_accuracy": 0.84375, "op_dir_loss": 0.20727680623531342, "val_op_bin_accuracy": 0.21348313987255096, "epoch": 19999, "best_val_loss": 4.894124320383822, "best_epoch": 1170}
