"","var","n","wt","dev","yval","complexity","ncompete","nsurrogate"
"1","petal_length",100,100,48.36,1.58,0.817998608321189,3,3
"2","petal_length",28,28,6.85714285714286,0.571428571428571,0.141793690180787,3,3
"4","<leaf>",12,12,0,0,0,0,0
"5","<leaf>",16,16,0,1,0,0,0
"3","petal_width",72,72,1.94444444444444,1.97222222222222,0.020103850749012,3,1
"6","petal_length",4,4,1,1.5,0.020103850749012,3,0
"12","<leaf>",2,2,0,1,0,0,0
"13","<leaf>",2,2,0,2,0,0,0
"7","<leaf>",68,68,0,2,0,0,0
