"","var","n","wt","dev","yval","complexity","ncompete","nsurrogate"
"1","petal_length",100,100,52.84,1.54,0.836053622232863,3,3
"2","petal_length",31,31,7.6774193548387,0.548387096774194,0.145295597177114,3,3
"4","<leaf>",14,14,0,0,0,0,0
"5","<leaf>",17,17,0,1,0,0,0
"3","sepal_width",69,69,0.985507246376811,1.98550724637681,0.00932539029501146,3,0
"6","petal_length",3,3,0.666666666666667,1.66666666666667,0.00932539029501146,2,0
"12","<leaf>",1,1,0,1,0,0,0
"13","<leaf>",2,2,0,2,0,0,0
"7","<leaf>",66,66,0,2,0,0,0
