"","var","n","wt","dev","yval","complexity","ncompete","nsurrogate"
"1","petal_length",100,100,66.5099999999999,0.57,0.868440835964517,3,3
"2","<leaf>",64,64,0,0,0,0,0
"3","petal_width",36,36,8.74999999999999,1.58333333333333,0.117463539317396,3,3
"6","petal_length",16,16,0.9375,1.0625,0.00704781235904376,3,0
"12","<leaf>",14,14,0,1,0,0,0
"13","sepal_length",2,2,0.5,1.5,0.00704781235904376,2,0
"26","<leaf>",1,1,0,1,0,0,0
"27","<leaf>",1,1,0,2,0,0,0
"7","<leaf>",20,20,0,2,0,0,0
