"","var","n","wt","dev","yval","complexity","ncompete","nsurrogate"
"1","petal_length",100,100,36.91,0.97,0.637293416418315,3,3
"2","<leaf>",20,20,0,0,0,0,0
"3","petal_length",80,80,13.3875,1.2125,0.314224500563248,3,3
"6","<leaf>",61,61,0,1,0,0,0
"7","petal_width",19,19,1.78947368421053,1.89473684210526,0.0242410415092187,3,0
"14","petal_width",4,4,1,1.5,0.0242410415092187,2,0
"28","<leaf>",2,2,0,1,0,0,0
"29","<leaf>",2,2,0,2,0,0,0
"15","<leaf>",15,15,0,2,0,0,0
