"","var","n","wt","dev","yval","complexity","ncompete","nsurrogate"
"1","petal_length",100,100,52.96,0.48,0.844499733428115,3,3
"2","<leaf>",66,66,0,0,0,0,0
"3","petal_width",34,34,8.23529411764706,1.41176470588235,0.137876903027072,3,3
"6","<leaf>",19,19,0,1,0,0,0
"7","petal_length",15,15,0.933333333333334,1.93333333333333,0.00881168177240685,3,2
"14","sepal_width",3,3,0.666666666666667,1.66666666666667,0.00881168177240685,3,0
"28","<leaf>",1,1,0,1,0,0,0
"29","<leaf>",2,2,0,2,0,0,0
"15","<leaf>",12,12,0,2,0,0,0
