"","var","n","wt","dev","yval","complexity","ncompete","nsurrogate"
"1","petal_length",100,100,58.99,1.49,0.832006671120728,3,3
"2","petal_length",32,32,7.96875,0.46875,0.135086455331412,3,3
"4","<leaf>",17,17,0,0,0,0,0
"5","<leaf>",15,15,0,1,0,0,0
"3","petal_width",68,68,1.94117647058823,1.97058823529412,0.0216055230364734,3,0
"6","sepal_length",3,3,0.666666666666667,1.33333333333333,0.0113013505113861,3,0
"12","<leaf>",2,2,0,1,0,0,0
"13","<leaf>",1,1,0,2,0,0,0
"7","<leaf>",65,65,0,2,0,0,0
