"","var","n","wt","dev","yval","complexity","ncompete","nsurrogate"
"1","petal_length",100,100,64.96,0.52,0.88454433497537,3,3
"2","<leaf>",68,68,0,0,0,0,0
"3","petal_length",32,32,7.5,1.625,0.101245737021599,3,3
"6","sepal_length",13,13,0.923076923076924,1.07692307692308,0.0142099280030315,3,0
"12","<leaf>",12,12,0,1,0,0,0
"13","<leaf>",1,1,0,2,0,0,0
"7","<leaf>",19,19,0,2,0,0,0
