"","var","n","wt","dev","yval","complexity","ncompete","nsurrogate"
"1","petal_length",100,100,35.96,0.98,0.62647111330834,3,3
"2","<leaf>",19,19,0,0,0,0,0
"3","petal_length",81,81,13.4320987654321,1.20987654320988,0.347265136846153,3,3
"6","<leaf>",63,63,0,1,0,0,0
"7","petal_width",18,18,0.944444444444445,1.94444444444444,0.0262637498455074,3,0
"14","<leaf>",1,1,0,1,0,0,0
"15","<leaf>",17,17,0,2,0,0,0
