"","var","n","wt","dev","yval","complexity","ncompete","nsurrogate"
"1","petal_length",100,100,52.51,0.43,0.862095233091891,3,3
"2","<leaf>",71,71,0,0,0,0,0
"3","petal_length",29,29,7.24137931034483,1.48275862068966,0.120130374728842,3,3
"6","<leaf>",14,14,0,1,0,0,0
"7","sepal_length",15,15,0.933333333333334,1.93333333333333,0.00888719608963373,3,0
"14","sepal_length",2,2,0.5,1.5,0.00888719608963373,3,0
"28","<leaf>",1,1,0,1,0,0,0
"29","<leaf>",1,1,0,2,0,0,0
"15","<leaf>",13,13,0,2,0,0,0
