"","var","n","wt","dev","yval","complexity","ncompete","nsurrogate"
"1","petal_width",100,100,54.99,1.51,0.847565867590899,3,3
"2","petal_length",34,34,8.38235294117647,0.558823529411765,0.152434132409101,3,3
"4","<leaf>",15,15,0,0,0,0,0
"5","<leaf>",19,19,0,1,0,0,0
"3","<leaf>",66,66,0,2,0,0,0
