"","var","n","wt","dev","yval","complexity","ncompete","nsurrogate"
"1","petal_length",100,100,52.75,1.55,0.815758293838863,3,3
"2","petal_length",32,32,9.71875,0.59375,0.166337546076882,3,3
"4","<leaf>",14,14,0,0,0,0,0
"5","petal_width",18,18,0.944444444444445,1.05555555555556,0.00895208004212743,3,0
"10","<leaf>",16,16,0,1,0,0,0
"11","sepal_length",2,2,0.5,1.5,0.00895208004212743,3,0
"22","<leaf>",1,1,0,1,0,0,0
"23","<leaf>",1,1,0,2,0,0,0
"3","<leaf>",68,68,0,2,0,0,0
