"","var","n","wt","dev","yval","complexity","ncompete","nsurrogate"
"1","petal_length",100,100,66.75,0.55,0.879709187045605,3,3
"2","<leaf>",66,66,0,0,0,0,0
"3","petal_width",34,34,8.02941176470588,1.61764705882353,0.106379630503887,3,3
"6","petal_length",14,14,0.928571428571428,1.07142857142857,0.0139111824505083,3,0
"12","<leaf>",13,13,0,1,0,0,0
"13","<leaf>",1,1,0,2,0,0,0
"7","<leaf>",20,20,0,2,0,0,0
