"","var","n","wt","dev","yval","complexity","ncompete","nsurrogate"
"1","petal_length",100,100,56.91,0.47,0.863961773258285,3,3
"2","<leaf>",69,69,0,0,0,0,0
"3","petal_width",31,31,7.74193548387097,1.51612903225806,0.105029513293235,3,3
"6","petal_length",17,17,1.76470588235294,1.11764705882353,0.031008713448479,3,0
"12","<leaf>",15,15,0,1,0,0,0
"13","<leaf>",2,2,0,2,0,0,0
"7","<leaf>",14,14,0,2,0,0,0
