"","var","n","wt","dev","yval","complexity","ncompete","nsurrogate"
"1","petal_length",100,100,36,1,0.609756097560975,3,3
"2","<leaf>",18,18,0,0,0,0,0
"3","petal_width",82,82,14.0487804878049,1.21951219512195,0.362893475088597,3,3
"6","petal_length",65,65,0.984615384615385,1.01538461538462,0.0273504273504273,3,0
"12","<leaf>",64,64,0,1,0,0,0
"13","<leaf>",1,1,0,2,0,0,0
"7","<leaf>",17,17,0,2,0,0,0
