"","var","n","wt","dev","yval","complexity","ncompete","nsurrogate"
"1","petal_length",100,100,60.84,0.54,0.85207100591716,3,3
"2","<leaf>",64,64,0,0,0,0,0
"3","petal_length",36,36,9,1.5,0.132357521021489,3,3
"6","<leaf>",17,17,0,1,0,0,0
"7","petal_width",19,19,0.947368421052631,1.94736842105263,0.0077857365306758,3,0
"14","sepal_length",2,2,0.5,1.5,0.0077857365306758,2,0
"28","<leaf>",1,1,0,1,0,0,0
"29","<leaf>",1,1,0,2,0,0,0
"15","<leaf>",17,17,0,2,0,0,0
