"","var","n","wt","dev","yval","complexity","ncompete","nsurrogate"
"1","petal_length",100,100,62.6399999999999,0.56,0.852438645542094,3,3
"2","<leaf>",63,63,0,0,0,0,0
"3","petal_length",37,37,9.24324324324324,1.51351351351351,0.132395326360844,3,3
"6","<leaf>",17,17,0,1,0,0,0
"7","petal_width",20,20,0.950000000000001,1.95,0.0075830140485313,3,0
"14","sepal_length",3,3,0.666666666666667,1.66666666666667,0.0075830140485313,3,0
"28","<leaf>",1,1,0,1,0,0,0
"29","<leaf>",2,2,0,2,0,0,0
"15","<leaf>",17,17,0,2,0,0,0
