"","var","n","wt","dev","yval","complexity","ncompete","nsurrogate"
"1","petal_length",100,100,32.19,1.09,0.654911723877242,3,2
"2","petal_length",78,78,10.1538461538461,0.846153846153846,0.315434798193418,3,3
"4","<leaf>",12,12,0,0,0,0,0
"5","<leaf>",66,66,0,1,0,0,0
"3","sepal_length",22,22,0.954545454545456,1.95454545454545,0.01482673896467,3,0
"6","sepal_length",2,2,0.5,1.5,0.01482673896467,3,0
"12","<leaf>",1,1,0,1,0,0,0
"13","<leaf>",1,1,0,2,0,0,0
"7","<leaf>",20,20,0,2,0,0,0
