"","var","n","wt","dev","yval","complexity","ncompete","nsurrogate"
"1","petal_width",100,100,55,1.5,0.808080808080808,3,3
"2","petal_length",36,36,10.5555555555555,0.611111111111111,0.174603174603174,3,3
"4","<leaf>",15,15,0,0,0,0,0
"5","sepal_width",21,21,0.952380952380953,1.04761904761905,0.00865800865800866,3,0
"10","<leaf>",19,19,0,1,0,0,0
"11","sepal_length",2,2,0.5,1.5,0.00865800865800866,3,0
"22","<leaf>",1,1,0,1,0,0,0
"23","<leaf>",1,1,0,2,0,0,0
"3","<leaf>",64,64,0,2,0,0,0
