"","var","n","wt","dev","yval","complexity","ncompete","nsurrogate"
"1","petal_length",100,100,56.91,0.53,0.8404308367408,3,3
"2","<leaf>",63,63,0,0,0,0,0
"3","petal_width",37,37,9.08108108108108,1.43243243243243,0.143031182753345,3,3
"6","<leaf>",20,20,0,1,0,0,0
"7","petal_width",17,17,0.941176470588236,1.94117647058824,0.00826899025292774,3,0
"14","sepal_length",2,2,0.5,1.5,0.00826899025292774,2,0
"28","<leaf>",1,1,0,1,0,0,0
"29","<leaf>",1,1,0,2,0,0,0
"15","<leaf>",15,15,0,2,0,0,0
