"","var","n","wt","dev","yval","complexity","ncompete","nsurrogate"
"1","petal_width",100,100,66.36,1.42,0.853309599156118,3,3
"2","petal_length",36,36,8.75,0.416666666666667,0.131856540084388,3,3
"4","<leaf>",21,21,0,0,0,0,0
"5","<leaf>",15,15,0,1,0,0,0
"3","sepal_length",64,64,0.984375,1.984375,0.00741693037974684,3,0
"6","petal_length",3,3,0.666666666666667,1.66666666666667,0.00741693037974684,3,0
"12","<leaf>",1,1,0,1,0,0,0
"13","<leaf>",2,2,0,2,0,0,0
"7","<leaf>",61,61,0,2,0,0,0
