"","var","n","wt","dev","yval","complexity","ncompete","nsurrogate"
"1","petal_width",100,100,54.51,1.57,0.872238383520717,3,3
"2","petal_length",28,28,6.96428571428571,0.464285714285714,0.127761616479283,3,3
"4","<leaf>",15,15,0,0,0,0,0
"5","<leaf>",13,13,0,1,0,0,0
"3","<leaf>",72,72,0,2,0,0,0
