"","var","n","wt","dev","yval","complexity","ncompete","nsurrogate"
"1","petal_length",100,100,56.99,1.51,0.842335600672977,3,3
"2","petal_length",32,32,8,0.5,0.140375504474469,3,3
"4","<leaf>",16,16,0,0,0,0,0
"5","<leaf>",16,16,0,1,0,0,0
"3","petal_width",68,68,0.985294117647062,1.98529411764706,0.00864444742627708,3,0
"6","sepal_length",2,2,0.5,1.5,0.00864444742627708,2,0
"12","<leaf>",1,1,0,1,0,0,0
"13","<leaf>",1,1,0,2,0,0,0
"7","<leaf>",66,66,0,2,0,0,0
