"","var","n","wt","dev","yval","complexity","ncompete","nsurrogate"
"1","petal_width",100,100,27.64,1.06,0.654769584851707,3,2
"2","petal_length",83,83,9.54216867469882,0.867469879518072,0.345230415148293,3,3
"4","<leaf>",11,11,0,0,0,0,0
"5","<leaf>",72,72,0,1,0,0,0
"3","<leaf>",17,17,0,2,0,0,0
