"","var","n","wt","dev","yval","complexity","ncompete","nsurrogate"
"1","petal_length",100,100,33.64,1.06,0.57657840549868,3,2
"2","petal_length",82,82,14.2439024390244,0.853658536585366,0.365717180987996,3,3
"4","<leaf>",14,14,0,0,0,0,0
"5","petal_width",68,68,1.94117647058823,1.02941176470588,0.0378867361451119,3,0
"10","<leaf>",65,65,0,1,0,0,0
"11","sepal_length",3,3,0.666666666666667,1.66666666666667,0.0198176773682124,3,0
"22","<leaf>",1,1,0,1,0,0,0
"23","<leaf>",2,2,0,2,0,0,0
"3","<leaf>",18,18,0,2,0,0,0
