"","var","n","wt","dev","yval","complexity","ncompete","nsurrogate"
"1","petal_length",100,100,29.36,1.08,0.615876081747153,3,2
"2","petal_length",79,79,9.46835443037977,0.860759493670886,0.322491635912118,3,3
"4","<leaf>",11,11,0,0,0,0,0
"5","<leaf>",68,68,0,1,0,0,0
"3","petal_length",21,21,1.80952380952381,1.9047619047619,0.0308161411703646,3,1
"6","sepal_width",4,4,1,1.5,0.0308161411703646,2,0
"12","<leaf>",2,2,0,1,0,0,0
"13","<leaf>",2,2,0,2,0,0,0
"7","<leaf>",17,17,0,2,0,0,0
