"","var","n","wt","dev","yval","complexity","ncompete","nsurrogate"
"1","petal_length",100,100,50.84,0.46,0.845027775790954,3,3
"2","<leaf>",67,67,0,0,0,0,0
"3","petal_length",33,33,7.87878787878788,1.39393939393939,0.120878334883056,3,3
"6","<leaf>",18,18,0,1,0,0,0
"7","petal_width",15,15,1.73333333333333,1.86666666666667,0.017046944662995,3,2
"14","sepal_length",4,4,1,1.5,0.017046944662995,3,1
"28","<leaf>",2,2,0,1,0,0,0
"29","<leaf>",2,2,0,2,0,0,0
"15","<leaf>",11,11,0,2,0,0,0
