"","var","n","wt","dev","yval","complexity","ncompete","nsurrogate"
"1","petal_length",100,100,33.96,1.02,0.594026072029087,3,2
"2","petal_length",81,81,12.8395061728396,0.802469135802469,0.3780773313557,3,3
"4","<leaf>",16,16,0,0,0,0,0
"5","<leaf>",65,65,0,1,0,0,0
"3","sepal_length",19,19,0.947368421052631,1.94736842105263,0.0139482983076065,3,1
"6","sepal_length",2,2,0.5,1.5,0.0139482983076065,3,0
"12","<leaf>",1,1,0,1,0,0,0
"13","<leaf>",1,1,0,2,0,0,0
"7","<leaf>",17,17,0,2,0,0,0
