"","var","n","wt","dev","yval","complexity","ncompete","nsurrogate"
"1","petal_length",100,100,56.99,0.49,0.855370692359638,3,3
"2","<leaf>",67,67,0,0,0,0,0
"3","petal_length",33,33,8.24242424242425,1.48484848484848,0.128114542408072,3,3
"6","<leaf>",16,16,0,1,0,0,0
"7","petal_width",17,17,0.941176470588236,1.94117647058824,0.00825738261614525,3,0
"14","sepal_length",2,2,0.5,1.5,0.00825738261614525,2,0
"28","<leaf>",1,1,0,1,0,0,0
"29","<leaf>",1,1,0,2,0,0,0
"15","<leaf>",15,15,0,2,0,0,0
