"","var","n","wt","dev","yval","complexity","ncompete","nsurrogate"
"1","petal_length",100,100,60.75,0.55,0.847847847847848,3,3
"2","<leaf>",63,63,0,0,0,0,0
"3","petal_width",37,37,9.24324324324324,1.48648648648649,0.136514292069848,3,3
"6","petal_length",20,20,0.95,1.05,0.0156378600823045,3,0
"12","<leaf>",19,19,0,1,0,0,0
"13","<leaf>",1,1,0,2,0,0,0
"7","<leaf>",17,17,0,2,0,0,0
