"","var","n","wt","dev","yval","complexity","ncompete","nsurrogate"
"1","petal_length",100,100,31.96,0.98,0.615483209433478,3,3
"2","<leaf>",17,17,0,0,0,0,0
"3","petal_length",83,83,12.289156626506,1.18072289156627,0.355183248639113,3,3
"6","<leaf>",67,67,0,1,0,0,0
"7","sepal_length",16,16,0.9375,1.9375,0.0146667709637046,3,0
"14","sepal_length",2,2,0.5,1.5,0.0146667709637046,2,0
"28","<leaf>",1,1,0,1,0,0,0
"29","<leaf>",1,1,0,2,0,0,0
"15","<leaf>",14,14,0,2,0,0,0
