"","var","n","wt","dev","yval","complexity","ncompete","nsurrogate"
"1","petal_length",100,100,58.99,1.51,0.842184712501715,3,3
"2","petal_length",30,30,7.36666666666666,0.433333333333333,0.124879923150817,3,3
"4","<leaf>",17,17,0,0,0,0,0
"5","<leaf>",13,13,0,1,0,0,0
"3","petal_width",70,70,1.94285714285714,1.97142857142857,0.0164676821737341,3,3
"6","petal_width",5,5,1.2,1.6,0.0164676821737341,3,1
"12","<leaf>",2,2,0,1,0,0,0
"13","<leaf>",3,3,0,2,0,0,0
"7","<leaf>",65,65,0,2,0,0,0
