"","var","n","wt","dev","yval","complexity","ncompete","nsurrogate"
"1","petal_length",100,100,38.75,1.05,0.633463871332035,3,2
"2","petal_length",77,77,13.2467532467532,0.779220779220779,0.341851696690405,3,3
"4","<leaf>",17,17,0,0,0,0,0
"5","<leaf>",60,60,0,1,0,0,0
"3","petal_width",23,23,0.956521739130435,1.95652173913043,0.0123422159887798,3,0
"6","sepal_length",2,2,0.5,1.5,0.0123422159887798,2,0
"12","<leaf>",1,1,0,1,0,0,0
"13","<leaf>",1,1,0,2,0,0,0
"7","<leaf>",21,21,0,2,0,0,0
