"","var","n","wt","dev","yval","complexity","ncompete","nsurrogate"
"1","petal_length",100,100,32.91,0.97,0.627587433577162,3,3
"2","<leaf>",18,18,0,0,0,0,0
"3","petal_width",82,82,12.2560975609756,1.18292682926829,0.342473516965316,3,3
"6","petal_length",68,68,0.985294117647059,1.01470588235294,0.0299390494575223,3,0
"12","<leaf>",67,67,0,1,0,0,0
"13","<leaf>",1,1,0,2,0,0,0
"7","<leaf>",14,14,0,2,0,0,0
