"","var","n","wt","dev","yval","complexity","ncompete","nsurrogate"
"1","petal_width",100,100,46.36,1.58,0.828464604133284,3,3
"2","petal_length",30,30,6.96666666666666,0.633333333333333,0.150273224043716,3,3
"4","<leaf>",11,11,0,0,0,0,0
"5","<leaf>",19,19,0,1,0,0,0
"3","petal_width",70,70,0.985714285714286,1.98571428571429,0.0106310859115001,3,0
"6","sepal_length",2,2,0.5,1.5,0.0106310859115001,2,0
"12","<leaf>",1,1,0,1,0,0,0
"13","<leaf>",1,1,0,2,0,0,0
"7","<leaf>",68,68,0,2,0,0,0
