"","var","n","wt","dev","yval","complexity","ncompete","nsurrogate"
"1","petal_length",100,100,54.91,0.47,0.854876160990712,3,3
"2","<leaf>",68,68,0,0,0,0,0
"3","petal_length",32,32,7.96875,1.46875,0.128050446184666,3,3
"6","<leaf>",16,16,0,1,0,0,0
"7","petal_length",16,16,0.9375,1.9375,0.00853669641231105,3,0
"14","petal_width",3,3,0.666666666666667,1.66666666666667,0.00853669641231105,3,0
"28","<leaf>",1,1,0,1,0,0,0
"29","<leaf>",2,2,0,2,0,0,0
"15","<leaf>",13,13,0,2,0,0,0
