"","var","n","wt","dev","yval","complexity","ncompete","nsurrogate"
"1","petal_length",100,100,33.96,1.02,0.583543664815749,3,3
"2","<leaf>",16,16,0,0,0,0,0
"3","petal_length",84,84,14.1428571428571,1.21428571428571,0.387449426265945,3,2
"6","petal_width",67,67,0.985074626865668,1.01492537313433,0.0290069089183059,3,0
"12","<leaf>",66,66,0,1,0,0,0
"13","<leaf>",1,1,0,2,0,0,0
"7","<leaf>",17,17,0,2,0,0,0
