"","var","n","wt","dev","yval","complexity","ncompete","nsurrogate"
"1","petal_width",100,100,58.99,1.51,0.853145845037879,3,3
"2","petal_length",31,31,7.67741935483871,0.451612903225806,0.130147810727898,3,3
"4","<leaf>",17,17,0,0,0,0,0
"5","<leaf>",14,14,0,1,0,0,0
"3","petal_length",69,69,0.985507246376808,1.98550724637681,0.00835317211711145,3,0
"6","sepal_length",2,2,0.5,1.5,0.00835317211711145,1,0
"12","<leaf>",1,1,0,1,0,0,0
"13","<leaf>",1,1,0,2,0,0,0
"7","<leaf>",67,67,0,2,0,0,0
