"","var","n","wt","dev","yval","complexity","ncompete","nsurrogate"
"1","petal_width",100,100,52.75,1.55,0.839765290002257,3,3
"2","petal_length",30,30,7.46666666666667,0.533333333333333,0.141548183254344,3,3
"4","<leaf>",14,14,0,0,0,0,0
"5","<leaf>",16,16,0,1,0,0,0
"3","petal_length",70,70,0.985714285714286,1.98571428571429,0.00934326337169938,3,0
"6","sepal_length",3,3,0.666666666666667,1.66666666666667,0.00934326337169938,1,0
"12","<leaf>",1,1,0,1,0,0,0
"13","<leaf>",2,2,0,2,0,0,0
"7","<leaf>",67,67,0,2,0,0,0
