"","var","n","wt","dev","yval","complexity","ncompete","nsurrogate"
"1","petal_length",100,100,31.84,0.96,0.635371981860522,3,3
"2","<leaf>",18,18,0,0,0,0,0
"3","petal_width",82,82,11.609756097561,1.17073170731707,0.333676157386437,3,2
"6","petal_length",69,69,0.98550724637681,1.01449275362319,0.0154759303765203,3,0
"12","<leaf>",67,67,0,1,0,0,0
"13","sepal_width",2,2,0.5,1.5,0.0154759303765203,2,0
"26","<leaf>",1,1,0,1,0,0,0
"27","<leaf>",1,1,0,2,0,0,0
"7","<leaf>",13,13,0,2,0,0,0
