"","var","n","wt","dev","yval","complexity","ncompete","nsurrogate"
"1","petal_length",100,100,30.91,0.97,0.623469614465627,3,3
"2","<leaf>",17,17,0,0,0,0,0
"3","petal_width",83,83,11.6385542168675,1.16867469879518,0.344640567167686,3,3
"6","sepal_width",70,70,0.985714285714286,1.01428571428571,0.0159449091833433,3,0
"12","<leaf>",68,68,0,1,0,0,0
"13","sepal_length",2,2,0.5,1.5,0.0159449091833433,3,0
"26","<leaf>",1,1,0,1,0,0,0
"27","<leaf>",1,1,0,2,0,0,0
"7","<leaf>",13,13,0,2,0,0,0
