"","var","n","wt","dev","yval","complexity","ncompete","nsurrogate"
"1","petal_width",100,100,35.64,1.06,0.619809203142536,3,3
"2","petal_length",80,80,13.55,0.825,0.352564102564103,3,3
"4","<leaf>",15,15,0,0,0,0,0
"5","petal_length",65,65,0.984615384615384,1.01538461538462,0.027626694293361,3,0
"10","<leaf>",64,64,0,1,0,0,0
"11","<leaf>",1,1,0,2,0,0,0
"3","<leaf>",20,20,0,2,0,0,0
