"","var","n","wt","dev","yval","complexity","ncompete","nsurrogate"
"1","petal_length",100,100,66.5099999999999,1.43,0.858899182309196,3,3
"2","petal_length",35,35,8.4,0.4,0.126296797474064,3,3
"4","<leaf>",21,21,0,0,0,0,0
"5","<leaf>",14,14,0,1,0,0,0
"3","sepal_length",65,65,0.984615384615384,1.98461538461538,0.00740201010837006,3,0
"6","sepal_length",2,2,0.5,1.5,0.00740201010837006,1,0
"12","<leaf>",1,1,0,1,0,0,0
"13","<leaf>",1,1,0,2,0,0,0
"7","<leaf>",63,63,0,2,0,0,0
