"","var","n","wt","dev","yval","complexity","ncompete","nsurrogate"
"1","petal_length",100,100,60.99,0.51,0.865849841255646,3,3
"2","<leaf>",67,67,0,0,0,0,0
"3","petal_length",33,33,8.18181818181818,1.54545454545455,0.118778786388231,3,3
"6","petal_width",16,16,0.9375,1.0625,0.00768568617806198,3,0
"12","<leaf>",14,14,0,1,0,0,0
"13","sepal_length",2,2,0.5,1.5,0.00768568617806198,1,0
"26","<leaf>",1,1,0,1,0,0,0
"27","<leaf>",1,1,0,2,0,0,0
"7","<leaf>",17,17,0,2,0,0,0
