"","var","n","wt","dev","yval","complexity","ncompete","nsurrogate"
"1","petal_length",100,100,66.75,1.45,0.870839876206303,3,3
"2","petal_length",33,33,7.63636363636364,0.363636363636364,0.114402451481103,3,3
"4","<leaf>",21,21,0,0,0,0,0
"5","<leaf>",12,12,0,1,0,0,0
"3","petal_width",67,67,0.985074626865671,1.98507462686567,0.00737883615629716,3,0
"6","sepal_length",2,2,0.5,1.5,0.00737883615629716,2,0
"12","<leaf>",1,1,0,1,0,0,0
"13","<leaf>",1,1,0,2,0,0,0
"7","<leaf>",65,65,0,2,0,0,0
