"","var","n","wt","dev","yval","complexity","ncompete","nsurrogate"
"1","petal_length",100,100,58.99,0.51,0.855907780979827,3,3
"2","<leaf>",66,66,0,0,0,0,0
"3","petal_length",34,34,8.5,1.5,0.128081972462376,3,3
"6","petal_width",18,18,0.944444444444445,1.05555555555556,0.016010246557797,3,0
"12","<leaf>",17,17,0,1,0,0,0
"13","<leaf>",1,1,0,2,0,0,0
"7","<leaf>",16,16,0,2,0,0,0
