"","var","n","wt","dev","yval","complexity","ncompete","nsurrogate"
"1","petal_length",100,100,34.99,0.99,0.614872541980636,3,3
"2","<leaf>",18,18,0,0,0,0,0
"3","petal_length",82,82,13.4756097560976,1.20731707317073,0.358135619081255,3,3
"6","<leaf>",64,64,0,1,0,0,0
"7","petal_length",18,18,0.944444444444445,1.94444444444444,0.0134959194690547,3,0
"14","sepal_length",2,2,0.5,1.5,0.0134959194690547,2,0
"28","<leaf>",1,1,0,1,0,0,0
"29","<leaf>",1,1,0,2,0,0,0
"15","<leaf>",16,16,0,2,0,0,0
