"","var","n","wt","dev","yval","complexity","ncompete","nsurrogate"
"1","petal_length",100,100,29.79,0.89,0.706808418422629,3,3
"2","<leaf>",21,21,0,0,0,0,0
"3","petal_length",79,79,8.73417721518988,1.12658227848101,0.262674934746524,3,3
"6","<leaf>",68,68,0,1,0,0,0
"7","petal_width",11,11,0.909090909090909,1.90909090909091,0.0152583234154231,3,0
"14","sepal_length",2,2,0.5,1.5,0.0152583234154231,3,0
"28","<leaf>",1,1,0,1,0,0,0
"29","<leaf>",1,1,0,2,0,0,0
"15","<leaf>",9,9,0,2,0,0,0
