"","var","n","wt","dev","yval","complexity","ncompete","nsurrogate"
"1","petal_length",100,100,50,1.6,0.836266666666666,3,3
"2","petal_length",25,25,6.24,0.48,0.1248,3,3
"4","<leaf>",13,13,0,0,0,0,0
"5","<leaf>",12,12,0,1,0,0,0
"3","petal_width",75,75,1.94666666666667,1.97333333333333,0.0256,3,1
"6","sepal_length",3,3,0.666666666666667,1.33333333333333,0.0133333333333333,3,0
"12","<leaf>",2,2,0,1,0,0,0
"13","<leaf>",1,1,0,2,0,0,0
"7","<leaf>",72,72,0,2,0,0,0
