"","var","n","wt","dev","yval","complexity","ncompete","nsurrogate"
"1","petal_width",100,100,37.64,1.06,0.624019693565962,3,3
"2","petal_length",79,79,14.1518987341772,0.810126582278481,0.349834531085287,3,3
"4","<leaf>",16,16,0,0,0,0,0
"5","petal_length",63,63,0.984126984126984,1.01587301587302,0.0261457753487509,3,0
"10","<leaf>",62,62,0,1,0,0,0
"11","<leaf>",1,1,0,2,0,0,0
"3","<leaf>",21,21,0,2,0,0,0
