"","var","n","wt","dev","yval","complexity","ncompete","nsurrogate"
"1","petal_length",100,100,60.96,0.52,0.861046780917091,3,3
"2","<leaf>",66,66,0,0,0,0,0
"3","petal_width",34,34,8.47058823529411,1.52941176470588,0.123513972518141,3,3
"6","petal_length",17,17,0.941176470588236,1.05882352941176,0.0154392465647676,3,0
"12","<leaf>",16,16,0,1,0,0,0
"13","<leaf>",1,1,0,2,0,0,0
"7","<leaf>",17,17,0,2,0,0,0
