"","var","n","wt","dev","yval","complexity","ncompete","nsurrogate"
"1","petal_length",100,100,62.99,1.49,0.850373653364808,3,3
"2","petal_length",29,29,6.55172413793103,0.344827586206897,0.10401213109908,3,3
"4","<leaf>",19,19,0,0,0,0,0
"5","<leaf>",10,10,0,1,0,0,0
"3","petal_width",71,71,2.87323943661972,1.95774647887324,0.0337075636866124,3,0
"6","sepal_length",4,4,0.75,1.25,0.0119066518494999,3,0
"12","<leaf>",3,3,0,1,0,0,0
"13","<leaf>",1,1,0,2,0,0,0
"7","<leaf>",67,67,0,2,0,0,0
