"","var","n","wt","dev","yval","complexity","ncompete","nsurrogate"
"1","petal_width",100,100,60.91,1.47,0.819861726773564,3,3
"2","petal_length",36,36,10.9722222222222,0.527777777777778,0.164632700341123,3,3
"4","<leaf>",18,18,0,0,0,0,0
"5","petal_length",18,18,0.944444444444445,1.05555555555556,0.0155055728853135,3,0
"10","<leaf>",17,17,0,1,0,0,0
"11","<leaf>",1,1,0,2,0,0,0
"3","<leaf>",64,64,0,2,0,0,0
