"","var","n","wt","dev","yval","complexity","ncompete","nsurrogate"
"1","petal_width",100,100,52.64,1.56,0.843706405712337,3,3
"2","petal_length",29,29,7.24137931034483,0.517241379310345,0.137564196625092,3,3
"4","<leaf>",14,14,0,0,0,0,0
"5","<leaf>",15,15,0,1,0,0,0
"3","petal_length",71,71,0.985915492957745,1.98591549295775,0.00936469883128558,3,0
"6","sepal_width",3,3,0.666666666666667,1.66666666666667,0.00936469883128558,3,0
"12","<leaf>",1,1,0,1,0,0,0
"13","<leaf>",2,2,0,2,0,0,0
"7","<leaf>",68,68,0,2,0,0,0
