"","var","n","wt","dev","yval","complexity","ncompete","nsurrogate"
"1","petal_length",100,100,34.91,0.97,0.632211223923245,3,3
"2","<leaf>",19,19,0,0,0,0,0
"3","petal_width",81,81,12.8395061728395,1.19753086419753,0.339577705184504,3,3
"6","sepal_length",66,66,0.984848484848485,1.01515151515152,0.0282110708922511,3,0
"12","<leaf>",65,65,0,1,0,0,0
"13","<leaf>",1,1,0,2,0,0,0
"7","<leaf>",15,15,0,2,0,0,0
