"","var","n","wt","dev","yval","complexity","ncompete","nsurrogate"
"1","petal_width",100,100,71.31,1.37,0.870554350991877,3,3
"2","petal_length",39,39,9.23076923076923,0.384615384615385,0.129445649008123,3,3
"4","<leaf>",24,24,0,0,0,0,0
"5","<leaf>",15,15,0,1,0,0,0
"3","<leaf>",61,61,0,2,0,0,0
