"","var","n","wt","dev","yval","complexity","ncompete","nsurrogate"
"1","petal_length",100,100,62.84,1.46,0.85093568704607,3,3
"2","petal_length",34,34,8.38235294117647,0.441176470588235,0.133391994608155,3,3
"4","<leaf>",19,19,0,0,0,0,0
"5","<leaf>",15,15,0,1,0,0,0
"3","petal_width",66,66,0.984848484848482,1.98484848484848,0.00783615917288735,3,0
"6","sepal_width",2,2,0.5,1.5,0.00783615917288735,2,0
"12","<leaf>",1,1,0,1,0,0,0
"13","<leaf>",1,1,0,2,0,0,0
"7","<leaf>",64,64,0,2,0,0,0
