"","var","n","wt","dev","yval","complexity","ncompete","nsurrogate"
"1","petal_length",100,100,52.19,0.41,0.870842292762201,3,3
"2","<leaf>",73,73,0,0,0,0,0
"3","petal_width",27,27,6.74074074074074,1.51851851851852,0.111365574097898,3,3
"6","petal_length",14,14,0.928571428571428,1.07142857142857,0.0177921331399009,3,0
"12","<leaf>",13,13,0,1,0,0,0
"13","<leaf>",1,1,0,2,0,0,0
"7","<leaf>",13,13,0,2,0,0,0
