"","var","n","wt","dev","yval","complexity","ncompete","nsurrogate"
"1","petal_length",100,100,60.75,1.45,0.835648148148148,3,3
"2","petal_length",36,36,9,0.5,0.148148148148148,3,3
"4","<leaf>",18,18,0,0,0,0,0
"5","<leaf>",18,18,0,1,0,0,0
"3","sepal_width",64,64,0.984375,1.984375,0.00810185185185185,3,3
"6","petal_length",9,9,0.888888888888889,1.88888888888889,0.00810185185185185,3,0
"12","<leaf>",1,1,0,1,0,0,0
"13","<leaf>",8,8,0,2,0,0,0
"7","<leaf>",55,55,0,2,0,0,0
