"","var","n","wt","dev","yval","complexity","ncompete","nsurrogate"
"1","petal_length",100,100,35.64,0.94,0.659037633721178,3,3
"2","<leaf>",21,21,0,0,0,0,0
"3","petal_width",79,79,12.1518987341772,1.18987341772152,0.314657652474108,3,3
"6","<leaf>",63,63,0,1,0,0,0
"7","petal_length",16,16,0.9375,1.9375,0.0131523569023569,3,2
"14","sepal_length",2,2,0.5,1.5,0.0131523569023569,3,0
"28","<leaf>",1,1,0,1,0,0,0
"29","<leaf>",1,1,0,2,0,0,0
"15","<leaf>",14,14,0,2,0,0,0
