"","var","n","wt","dev","yval","complexity","ncompete","nsurrogate"
"1","petal_length",100,100,36.51,0.93,0.668162568737754,3,3
"2","<leaf>",22,22,0,0,0,0,0
"3","petal_length",78,78,12.1153846153846,1.19230769230769,0.304875639972189,3,3
"6","sepal_length",64,64,0.984375,1.015625,0.0269617912900575,3,0
"12","<leaf>",63,63,0,1,0,0,0
"13","<leaf>",1,1,0,2,0,0,0
"7","<leaf>",14,14,0,2,0,0,0
