"","var","n","wt","dev","yval","complexity","ncompete","nsurrogate"
"1","petal_length",100,100,52.75,0.45,0.854456505121541,3,3
"2","<leaf>",69,69,0,0,0,0,0
"3","petal_width",31,31,7.67741935483871,1.45161290322581,0.127849971971666,3,3
"6","<leaf>",16,16,0,1,0,0,0
"7","sepal_width",15,15,0.933333333333334,1.93333333333333,0.00884676145339652,3,0
"14","sepal_length",2,2,0.5,1.5,0.00884676145339652,3,0
"28","<leaf>",1,1,0,1,0,0,0
"29","<leaf>",1,1,0,2,0,0,0
"15","<leaf>",13,13,0,2,0,0,0
