"","var","n","wt","dev","yval","complexity","ncompete","nsurrogate"
"1","petal_length",100,100,53,0.5,0.838574423480084,3,3
"2","<leaf>",64,64,0,0,0,0,0
"3","petal_length",36,36,8.55555555555555,1.38888888888889,0.126834381551363,3,3
"6","petal_width",24,24,1.83333333333333,1.08333333333333,0.0220125786163522,3,0
"12","<leaf>",21,21,0,1,0,0,0
"13","sepal_width",3,3,0.666666666666667,1.66666666666667,0.0125786163522013,3,0
"26","<leaf>",1,1,0,1,0,0,0
"27","<leaf>",2,2,0,2,0,0,0
"7","<leaf>",12,12,0,2,0,0,0
