"","var","n","wt","dev","yval","complexity","ncompete","nsurrogate"
"1","petal_length",100,100,56.84,1.54,0.856468520653392,3,3
"2","petal_length",29,29,7.17241379310345,0.448275862068966,0.126186027324128,3,3
"4","<leaf>",16,16,0,0,0,0,0
"5","<leaf>",13,13,0,1,0,0,0
"3","petal_length",71,71,0.985915492957745,1.98591549295775,0.00867272601123984,3,0
"6","sepal_length",2,2,0.5,1.5,0.00867272601123984,1,0
"12","<leaf>",1,1,0,1,0,0,0
"13","<leaf>",1,1,0,2,0,0,0
"7","<leaf>",69,69,0,2,0,0,0
