"","var","n","wt","dev","yval","complexity","ncompete","nsurrogate"
"1","petal_length",100,100,50.19,0.41,0.86124156775681,3,3
"2","<leaf>",72,72,0,0,0,0,0
"3","petal_length",28,28,6.96428571428572,1.46428571428571,0.120257307944098,3,3
"6","<leaf>",14,14,0,1,0,0,0
"7","petal_width",14,14,0.928571428571428,1.92857142857143,0.009250562149546,3,0
"14","sepal_length",2,2,0.5,1.5,0.009250562149546,2,0
"28","<leaf>",1,1,0,1,0,0,0
"29","<leaf>",1,1,0,2,0,0,0
"15","<leaf>",12,12,0,2,0,0,0
