"","var","n","wt","dev","yval","complexity","ncompete","nsurrogate"
"1","petal_length",100,100,50.91,0.47,0.842282228153489,3,3
"2","<leaf>",66,66,0,0,0,0,0
"3","petal_width",34,34,8.02941176470588,1.38235294117647,0.138968106661961,3,3
"6","sepal_width",22,22,0.954545454545455,1.04545454545455,0.0187496651845503,3,0
"12","<leaf>",21,21,0,1,0,0,0
"13","<leaf>",1,1,0,2,0,0,0
"7","<leaf>",12,12,0,2,0,0,0
