"","var","n","wt","dev","yval","complexity","ncompete","nsurrogate"
"1","petal_length",100,100,32.99,1.01,0.588980787828924,3,3
"2","<leaf>",16,16,0,0,0,0,0
"3","petal_width",84,84,13.5595238095238,1.20238095238095,0.352152010427904,3,3
"6","petal_length",69,69,1.94202898550725,1.02898550724638,0.0386590578611877,3,0
"12","<leaf>",66,66,0,1,0,0,0
"13","petal_width",3,3,0.666666666666667,1.66666666666667,0.0202081438819844,3,0
"26","<leaf>",1,1,0,1,0,0,0
"27","<leaf>",2,2,0,2,0,0,0
"7","<leaf>",15,15,0,2,0,0,0
