"","var","n","wt","dev","yval","complexity","ncompete","nsurrogate"
"1","petal_length",100,100,58.99,1.51,0.832044038053222,3,3
"2","petal_length",29,29,7.03448275862069,0.413793103448276,0.119248732982212,3,3
"4","<leaf>",17,17,0,0,0,0,0
"5","<leaf>",12,12,0,1,0,0,0
"3","petal_width",71,71,2.87323943661972,1.95774647887324,0.0359932096392562,3,2
"6","sepal_width",4,4,0.75,1.25,0.0127140193253094,3,0
"12","<leaf>",3,3,0,1,0,0,0
"13","<leaf>",1,1,0,2,0,0,0
"7","<leaf>",67,67,0,2,0,0,0
