"","var","n","wt","dev","yval","complexity","ncompete","nsurrogate"
"1","petal_width",100,100,56.84,1.54,0.828607750107829,3,3
"2","petal_length",31,31,9.74193548387097,0.516129032258065,0.154971888644223,3,3
"4","<leaf>",16,16,0,0,0,0,0
"5","sepal_width",15,15,0.933333333333334,1.06666666666667,0.0164203612479475,3,0
"10","<leaf>",14,14,0,1,0,0,0
"11","<leaf>",1,1,0,2,0,0,0
"3","<leaf>",69,69,0,2,0,0,0
