"","var","n","wt","dev","yval","complexity","ncompete","nsurrogate"
"1","petal_length",100,100,60.99,0.49,0.876235659997144,3,3
"2","<leaf>",69,69,0,0,0,0,0
"3","petal_width",31,31,7.5483870967742,1.58064516129032,0.108539361669172,3,3
"6","petal_length",14,14,0.928571428571428,1.07142857142857,0.0152249783336847,3,0
"12","<leaf>",13,13,0,1,0,0,0
"13","<leaf>",1,1,0,2,0,0,0
"7","<leaf>",17,17,0,2,0,0,0
