"","var","n","wt","dev","yval","complexity","ncompete","nsurrogate"
"1","petal_length",100,100,52.99,1.51,0.81126807759825,3,3
"2","petal_length",33,33,8.06060606060606,0.575757575757576,0.152115607861975,3,3
"4","<leaf>",14,14,0,0,0,0,0
"5","<leaf>",19,19,0,1,0,0,0
"3","petal_width",67,67,1.94029850746269,1.97014925373134,0.0183081572698876,3,0
"6","petal_length",4,4,1,1.5,0.0183081572698876,3,0
"12","<leaf>",2,2,0,1,0,0,0
"13","<leaf>",2,2,0,2,0,0,0
"7","<leaf>",63,63,0,2,0,0,0
