"","var","n","wt","dev","yval","complexity","ncompete","nsurrogate"
"1","petal_length",100,100,58.99,1.51,0.842184712501715,3,3
"2","petal_length",30,30,7.36666666666666,0.433333333333333,0.124879923150817,3,3
"4","<leaf>",17,17,0,0,0,0,0
"5","<leaf>",13,13,0,1,0,0,0
"3","petal_length",70,70,1.94285714285714,1.97142857142857,0.0164676821737341,3,0
"6","sepal_width",4,4,1,1.5,0.0164676821737341,2,0
"12","<leaf>",2,2,0,1,0,0,0
"13","<leaf>",2,2,0,2,0,0,0
"7","<leaf>",66,66,0,2,0,0,0
