"","var","n","wt","dev","yval","complexity","ncompete","nsurrogate"
"1","petal_length",100,100,52.84,0.46,0.850965177895534,3,3
"2","<leaf>",68,68,0,0,0,0,0
"3","petal_width",32,32,7.875,1.4375,0.11496971990916,3,3
"6","sepal_length",20,20,1.8,1.1,0.0170325510976533,3,0
"12","sepal_length",19,19,0.947368421052631,1.05263157894737,0.0170325510976533,3,0
"24","<leaf>",18,18,0,1,0,0,0
"25","<leaf>",1,1,0,2,0,0,0
"13","<leaf>",1,1,0,2,0,0,0
"7","<leaf>",12,12,0,2,0,0,0
