"","var","n","wt","dev","yval","complexity","ncompete","nsurrogate"
"1","petal_length",100,100,32.99,1.01,0.588980787828923,3,3
"2","<leaf>",16,16,0,0,0,0,0
"3","petal_length",84,84,13.5595238095238,1.20238095238095,0.382391008338265,3,3
"6","<leaf>",66,66,0,1,0,0,0
"7","petal_width",18,18,0.944444444444445,1.94444444444444,0.0143141019164056,3,0
"14","sepal_length",2,2,0.5,1.5,0.0143141019164056,3,0
"28","<leaf>",1,1,0,1,0,0,0
"29","<leaf>",1,1,0,2,0,0,0
"15","<leaf>",16,16,0,2,0,0,0
