"","var","n","wt","dev","yval","complexity","ncompete","nsurrogate"
"1","petal_width",100,100,58.84,1.54,0.836346261643231,3,3
"2","petal_length",24,24,4.95833333333333,0.291666666666667,0.0842680716066168,3,3
"4","<leaf>",17,17,0,0,0,0,0
"5","<leaf>",7,7,0,1,0,0,0
"3","petal_width",76,76,4.67105263157895,1.93421052631579,0.0551067505609707,3,2
"6","petal_length",7,7,1.42857142857143,1.28571428571429,0.0242789161891813,3,0
"12","<leaf>",5,5,0,1,0,0,0
"13","<leaf>",2,2,0,2,0,0,0
"7","<leaf>",69,69,0,2,0,0,0
