"","var","n","wt","dev","yval","complexity","ncompete","nsurrogate"
"1","petal_length",100,100,58.99,1.49,0.843575201402104,3,3
"2","petal_length",33,33,8.24242424242425,0.484848484848485,0.139725788140774,3,3
"4","<leaf>",17,17,0,0,0,0,0
"5","<leaf>",16,16,0,1,0,0,0
"3","petal_width",67,67,0.985074626865668,1.98507462686567,0.00834950522856135,3,1
"6","sepal_length",2,2,0.5,1.5,0.00834950522856135,2,0
"12","<leaf>",1,1,0,1,0,0,0
"13","<leaf>",1,1,0,2,0,0,0
"7","<leaf>",65,65,0,2,0,0,0
