"","var","n","wt","dev","yval","complexity","ncompete","nsurrogate"
"1","petal_length",100,100,57,0.5,0.851393188854489,3,3
"2","<leaf>",66,66,0,0,0,0,0
"3","petal_length",34,34,8.47058823529412,1.47058823529412,0.131986312530552,3,3
"6","sepal_length",19,19,0.947368421052631,1.05263157894737,0.0166204986149584,3,0
"12","<leaf>",18,18,0,1,0,0,0
"13","<leaf>",1,1,0,2,0,0,0
"7","<leaf>",15,15,0,2,0,0,0
