"","var","n","wt","dev","yval","complexity","ncompete","nsurrogate"
"1","petal_length",100,100,58.6399999999999,1.56,0.882825684326366,3,3
"2","petal_length",26,26,5.88461538461539,0.346153846153846,0.100351558400672,3,3
"4","<leaf>",17,17,0,0,0,0,0
"5","<leaf>",9,9,0,1,0,0,0
"3","petal_width",74,74,0.98648648648649,1.98648648648649,0.00841137863648099,3,0
"6","sepal_length",2,2,0.5,1.5,0.00841137863648099,2,0
"12","<leaf>",1,1,0,1,0,0,0
"13","<leaf>",1,1,0,2,0,0,0
"7","<leaf>",72,72,0,2,0,0,0
