"","var","n","wt","dev","yval","complexity","ncompete","nsurrogate","yval2.","yval2.","yval2.","yval2.","yval2.","yval2.","yval2.","yval2.nodeprob"
"1","Petal.Length",99,99,50,1,0.50,3,3, 1.00000000,49.00000000,25.00000000,25.00000000, 0.49494949, 0.25252525, 0.25252525, 1.00000000
"2","<leaf>",49,49, 0,1,0.00,0,0, 1.00000000,49.00000000, 0.00000000, 0.00000000, 1.00000000, 0.00000000, 0.00000000, 0.49494949
"3","Petal.Length",50,50,25,2,0.48,3,3, 2.00000000, 0.00000000,25.00000000,25.00000000, 0.00000000, 0.50000000, 0.50000000, 0.50505051
"6","<leaf>",24,24, 0,2,0.00,0,0, 2.00000000, 0.00000000,24.00000000, 0.00000000, 0.00000000, 1.00000000, 0.00000000, 0.24242424
"7","Sepal.Width",26,26, 1,3,0.02,3,0, 3.00000000, 0.00000000, 1.00000000,25.00000000, 0.00000000, 0.03846154, 0.96153846, 0.26262626
"14","<leaf>", 1, 1, 0,2,0.00,0,0, 2.00000000, 0.00000000, 1.00000000, 0.00000000, 0.00000000, 1.00000000, 0.00000000, 0.01010101
"15","<leaf>",25,25, 0,3,0.00,0,0, 3.00000000, 0.00000000, 0.00000000,25.00000000, 0.00000000, 0.00000000, 1.00000000, 0.25252525
