"","var","n","wt","dev","yval","complexity","ncompete","nsurrogate","yval2.","yval2.","yval2.","yval2.","yval2.","yval2.","yval2.","yval2.nodeprob"
"1","Petal.Length",100,100,54,1,0.51851852,3,3, 1.00000000,46.00000000,28.00000000,26.00000000, 0.46000000, 0.28000000, 0.26000000, 1.00000000
"2","<leaf>", 46, 46, 0,1,0.00000000,0,0, 1.00000000,46.00000000, 0.00000000, 0.00000000, 1.00000000, 0.00000000, 0.00000000, 0.46000000
"3","Petal.Width", 54, 54,26,2,0.44444444,3,3, 2.00000000, 0.00000000,28.00000000,26.00000000, 0.00000000, 0.51851852, 0.48148148, 0.54000000
"6","Petal.Length", 30, 30, 2,2,0.01851852,3,0, 2.00000000, 0.00000000,28.00000000, 2.00000000, 0.00000000, 0.93333333, 0.06666667, 0.30000000
"12","<leaf>", 27, 27, 0,2,0.00000000,0,0, 2.00000000, 0.00000000,27.00000000, 0.00000000, 0.00000000, 1.00000000, 0.00000000, 0.27000000
"13","Petal.Width",  3,  3, 1,3,0.01851852,3,0, 3.00000000, 0.00000000, 1.00000000, 2.00000000, 0.00000000, 0.33333333, 0.66666667, 0.03000000
"26","<leaf>",  1,  1, 0,2,0.00000000,0,0, 2.00000000, 0.00000000, 1.00000000, 0.00000000, 0.00000000, 1.00000000, 0.00000000, 0.01000000
"27","<leaf>",  2,  2, 0,3,0.00000000,0,0, 3.00000000, 0.00000000, 0.00000000, 2.00000000, 0.00000000, 0.00000000, 1.00000000, 0.02000000
"7","<leaf>", 24, 24, 0,3,0.00000000,0,0, 3.00000000, 0.00000000, 0.00000000,24.00000000, 0.00000000, 0.00000000, 1.00000000, 0.24000000
