"","var","n","wt","dev","yval","complexity","ncompete","nsurrogate","yval2.","yval2.","yval2.","yval2.","yval2.","yval2.","yval2.","yval2.nodeprob"
"1","Petal.Length",99,99,51,2,0.60784314,3,3, 2.00000000,31.00000000,48.00000000,20.00000000, 0.31313131, 0.48484848, 0.20202020, 1.00000000
"2","<leaf>",31,31, 0,1,0.00000000,0,0, 1.00000000,31.00000000, 0.00000000, 0.00000000, 1.00000000, 0.00000000, 0.00000000, 0.31313131
"3","Petal.Length",68,68,20,2,0.35294118,3,3, 2.00000000, 0.00000000,48.00000000,20.00000000, 0.00000000, 0.70588235, 0.29411765, 0.68686869
"6","Petal.Width",50,50, 2,2,0.01960784,3,0, 2.00000000, 0.00000000,48.00000000, 2.00000000, 0.00000000, 0.96000000, 0.04000000, 0.50505051
"12","<leaf>",47,47, 0,2,0.00000000,0,0, 2.00000000, 0.00000000,47.00000000, 0.00000000, 0.00000000, 1.00000000, 0.00000000, 0.47474747
"13","Sepal.Width", 3, 3, 1,3,0.01960784,3,0, 3.00000000, 0.00000000, 1.00000000, 2.00000000, 0.00000000, 0.33333333, 0.66666667, 0.03030303
"26","<leaf>", 1, 1, 0,2,0.00000000,0,0, 2.00000000, 0.00000000, 1.00000000, 0.00000000, 0.00000000, 1.00000000, 0.00000000, 0.01010101
"27","<leaf>", 2, 2, 0,3,0.00000000,0,0, 3.00000000, 0.00000000, 0.00000000, 2.00000000, 0.00000000, 0.00000000, 1.00000000, 0.02020202
"7","<leaf>",18,18, 0,3,0.00000000,0,0, 3.00000000, 0.00000000, 0.00000000,18.00000000, 0.00000000, 0.00000000, 1.00000000, 0.18181818
