"","var","n","wt","dev","yval","complexity","ncompete","nsurrogate","yval2.","yval2.","yval2.","yval2.","yval2.","yval2.","yval2.","yval2.nodeprob"
"1","Petal.Length",99,99,52,1,0.500000000,3,3, 1.00000000,47.00000000,26.00000000,26.00000000, 0.47474747, 0.26262626, 0.26262626, 1.00000000
"2","<leaf>",47,47, 0,1,0.000000000,0,0, 1.00000000,47.00000000, 0.00000000, 0.00000000, 1.00000000, 0.00000000, 0.00000000, 0.47474747
"3","Petal.Width",52,52,26,2,0.480769231,3,3, 2.00000000, 0.00000000,26.00000000,26.00000000, 0.00000000, 0.50000000, 0.50000000, 0.52525253
"6","<leaf>",25,25, 0,2,0.000000000,0,0, 2.00000000, 0.00000000,25.00000000, 0.00000000, 0.00000000, 1.00000000, 0.00000000, 0.25252525
"7","Petal.Length",27,27, 1,3,0.009615385,3,0, 3.00000000, 0.00000000, 1.00000000,26.00000000, 0.00000000, 0.03703704, 0.96296296, 0.27272727
"14","Sepal.Length", 2, 2, 1,2,0.009615385,1,0, 2.00000000, 0.00000000, 1.00000000, 1.00000000, 0.00000000, 0.50000000, 0.50000000, 0.02020202
"28","<leaf>", 1, 1, 0,2,0.000000000,0,0, 2.00000000, 0.00000000, 1.00000000, 0.00000000, 0.00000000, 1.00000000, 0.00000000, 0.01010101
"29","<leaf>", 1, 1, 0,3,0.000000000,0,0, 3.00000000, 0.00000000, 0.00000000, 1.00000000, 0.00000000, 0.00000000, 1.00000000, 0.01010101
"15","<leaf>",25,25, 0,3,0.000000000,0,0, 3.00000000, 0.00000000, 0.00000000,25.00000000, 0.00000000, 0.00000000, 1.00000000, 0.25252525
