"","var","n","wt","dev","yval","complexity","ncompete","nsurrogate","yval2.","yval2.","yval2.","yval2.","yval2.","yval2.","yval2.","yval2.nodeprob"
"1","Petal.Length",99,99,44,2,0.5,3,3, 2.0000000,22.0000000,55.0000000,22.0000000, 0.2222222, 0.5555556, 0.2222222, 1.0000000
"2","<leaf>",22,22, 0,1,0.0,0,0, 1.0000000,22.0000000, 0.0000000, 0.0000000, 1.0000000, 0.0000000, 0.0000000, 0.2222222
"3","Petal.Width",77,77,22,2,0.5,3,3, 2.0000000, 0.0000000,55.0000000,22.0000000, 0.0000000, 0.7142857, 0.2857143, 0.7777778
"6","<leaf>",55,55, 0,2,0.0,0,0, 2.0000000, 0.0000000,55.0000000, 0.0000000, 0.0000000, 1.0000000, 0.0000000, 0.5555556
"7","<leaf>",22,22, 0,3,0.0,0,0, 3.0000000, 0.0000000, 0.0000000,22.0000000, 0.0000000, 0.0000000, 1.0000000, 0.2222222
