"","var","n","wt","dev","yval","complexity","ncompete","nsurrogate","yval2.","yval2.","yval2.","yval2.","yval2.","yval2.","yval2.","yval2.nodeprob"
"1","Petal.Length",100,100,50,1,0.52,3,3, 1.0000000,50.0000000,26.0000000,24.0000000, 0.5000000, 0.2600000, 0.2400000, 1.0000000
"2","<leaf>", 50, 50, 0,1,0.00,0,0, 1.0000000,50.0000000, 0.0000000, 0.0000000, 1.0000000, 0.0000000, 0.0000000, 0.5000000
"3","Petal.Length", 50, 50,24,2,0.46,3,3, 2.0000000, 0.0000000,26.0000000,24.0000000, 0.0000000, 0.5200000, 0.4800000, 0.5000000
"6","<leaf>", 25, 25, 0,2,0.00,0,0, 2.0000000, 0.0000000,25.0000000, 0.0000000, 0.0000000, 1.0000000, 0.0000000, 0.2500000
"7","Sepal.Length", 25, 25, 1,3,0.01,3,0, 3.0000000, 0.0000000, 1.0000000,24.0000000, 0.0000000, 0.0400000, 0.9600000, 0.2500000
"14","Sepal.Length",  3,  3, 1,3,0.01,3,0, 3.0000000, 0.0000000, 1.0000000, 2.0000000, 0.0000000, 0.3333333, 0.6666667, 0.0300000
"28","<leaf>",  1,  1, 0,2,0.00,0,0, 2.0000000, 0.0000000, 1.0000000, 0.0000000, 0.0000000, 1.0000000, 0.0000000, 0.0100000
"29","<leaf>",  2,  2, 0,3,0.00,0,0, 3.0000000, 0.0000000, 0.0000000, 2.0000000, 0.0000000, 0.0000000, 1.0000000, 0.0200000
"15","<leaf>", 22, 22, 0,3,0.00,0,0, 3.0000000, 0.0000000, 0.0000000,22.0000000, 0.0000000, 0.0000000, 1.0000000, 0.2200000
