"","var","n","wt","dev","yval","complexity","ncompete","nsurrogate","yval2.","yval2.","yval2.","yval2.","yval2.","yval2.","yval2.","yval2.nodeprob"
"1","Petal.Length",100,100,52,2,0.50000000,3,3, 2.00000000,26.00000000,48.00000000,26.00000000, 0.26000000, 0.48000000, 0.26000000, 1.00000000
"2","<leaf>", 26, 26, 0,1,0.00000000,0,0, 1.00000000,26.00000000, 0.00000000, 0.00000000, 1.00000000, 0.00000000, 0.00000000, 0.26000000
"3","Petal.Length", 74, 74,26,2,0.44230769,3,3, 2.00000000, 0.00000000,48.00000000,26.00000000, 0.00000000, 0.64864865, 0.35135135, 0.74000000
"6","Petal.Width", 51, 51, 3,2,0.03846154,3,0, 2.00000000, 0.00000000,48.00000000, 3.00000000, 0.00000000, 0.94117647, 0.05882353, 0.51000000
"12","<leaf>", 47, 47, 0,2,0.00000000,0,0, 2.00000000, 0.00000000,47.00000000, 0.00000000, 0.00000000, 1.00000000, 0.00000000, 0.47000000
"13","Sepal.Length",  4,  4, 1,3,0.01923077,2,0, 3.00000000, 0.00000000, 1.00000000, 3.00000000, 0.00000000, 0.25000000, 0.75000000, 0.04000000
"26","<leaf>",  1,  1, 0,2,0.00000000,0,0, 2.00000000, 0.00000000, 1.00000000, 0.00000000, 0.00000000, 1.00000000, 0.00000000, 0.01000000
"27","<leaf>",  3,  3, 0,3,0.00000000,0,0, 3.00000000, 0.00000000, 0.00000000, 3.00000000, 0.00000000, 0.00000000, 1.00000000, 0.03000000
"7","<leaf>", 23, 23, 0,3,0.00000000,0,0, 3.00000000, 0.00000000, 0.00000000,23.00000000, 0.00000000, 0.00000000, 1.00000000, 0.23000000
