"","var","n","wt","dev","yval","complexity","ncompete","nsurrogate","yval2.","yval2.","yval2.","yval2.","yval2.","yval2.","yval2.","yval2.nodeprob"
"1","Petal.Length",99,99,50,1,0.54,3,3, 1.00000000,49.00000000,27.00000000,23.00000000, 0.49494949, 0.27272727, 0.23232323, 1.00000000
"2","<leaf>",49,49, 0,1,0.00,0,0, 1.00000000,49.00000000, 0.00000000, 0.00000000, 1.00000000, 0.00000000, 0.00000000, 0.49494949
"3","Petal.Length",50,50,23,2,0.44,3,3, 2.00000000, 0.00000000,27.00000000,23.00000000, 0.00000000, 0.54000000, 0.46000000, 0.50505051
"6","<leaf>",26,26, 0,2,0.00,0,0, 2.00000000, 0.00000000,26.00000000, 0.00000000, 0.00000000, 1.00000000, 0.00000000, 0.26262626
"7","Petal.Width",24,24, 1,3,0.02,3,0, 3.00000000, 0.00000000, 1.00000000,23.00000000, 0.00000000, 0.04166667, 0.95833333, 0.24242424
"14","<leaf>", 1, 1, 0,2,0.00,0,0, 2.00000000, 0.00000000, 1.00000000, 0.00000000, 0.00000000, 1.00000000, 0.00000000, 0.01010101
"15","<leaf>",23,23, 0,3,0.00,0,0, 3.00000000, 0.00000000, 0.00000000,23.00000000, 0.00000000, 0.00000000, 1.00000000, 0.23232323
