"","var","n","wt","dev","yval","complexity","ncompete","nsurrogate","yval2.","yval2.","yval2.","yval2.","yval2.","yval2.","yval2.","yval2.nodeprob"
"1","Petal.Length",99,99,51,3,0.50980392,3,3, 3.00000000,28.00000000,23.00000000,48.00000000, 0.28282828, 0.23232323, 0.48484848, 1.00000000
"2","Petal.Length",53,53,25,1,0.45098039,3,3, 1.00000000,28.00000000,23.00000000, 2.00000000, 0.52830189, 0.43396226, 0.03773585, 0.53535354
"4","<leaf>",28,28, 0,1,0.00000000,0,0, 1.00000000,28.00000000, 0.00000000, 0.00000000, 1.00000000, 0.00000000, 0.00000000, 0.28282828
"5","Petal.Width",25,25, 2,2,0.01960784,3,1, 2.00000000, 0.00000000,23.00000000, 2.00000000, 0.00000000, 0.92000000, 0.08000000, 0.25252525
"10","<leaf>",22,22, 0,2,0.00000000,0,0, 2.00000000, 0.00000000,22.00000000, 0.00000000, 0.00000000, 1.00000000, 0.00000000, 0.22222222
"11","Sepal.Width", 3, 3, 1,3,0.01960784,3,0, 3.00000000, 0.00000000, 1.00000000, 2.00000000, 0.00000000, 0.33333333, 0.66666667, 0.03030303
"22","<leaf>", 1, 1, 0,2,0.00000000,0,0, 2.00000000, 0.00000000, 1.00000000, 0.00000000, 0.00000000, 1.00000000, 0.00000000, 0.01010101
"23","<leaf>", 2, 2, 0,3,0.00000000,0,0, 3.00000000, 0.00000000, 0.00000000, 2.00000000, 0.00000000, 0.00000000, 1.00000000, 0.02020202
"3","<leaf>",46,46, 0,3,0.00000000,0,0, 3.00000000, 0.00000000, 0.00000000,46.00000000, 0.00000000, 0.00000000, 1.00000000, 0.46464646
