"","var","n","wt","dev","yval","complexity","ncompete","nsurrogate","yval2.","yval2.","yval2.","yval2.","yval2.","yval2.","yval2.","yval2.nodeprob"
"1","Petal.Length",100,100,46,3,0.5652174,3,3, 3.0000000,20.0000000,26.0000000,54.0000000, 0.2000000, 0.2600000, 0.5400000, 1.0000000
"2","Petal.Length", 46, 46,20,2,0.4347826,3,3, 2.0000000,20.0000000,26.0000000, 0.0000000, 0.4347826, 0.5652174, 0.0000000, 0.4600000
"4","<leaf>", 20, 20, 0,1,0.0000000,0,0, 1.0000000,20.0000000, 0.0000000, 0.0000000, 1.0000000, 0.0000000, 0.0000000, 0.2000000
"5","<leaf>", 26, 26, 0,2,0.0000000,0,0, 2.0000000, 0.0000000,26.0000000, 0.0000000, 0.0000000, 1.0000000, 0.0000000, 0.2600000
"3","<leaf>", 54, 54, 0,3,0.0000000,0,0, 3.0000000, 0.0000000, 0.0000000,54.0000000, 0.0000000, 0.0000000, 1.0000000, 0.5400000
