"","var","n","wt","dev","yval","complexity","ncompete","nsurrogate","yval2.","yval2.","yval2.","yval2.","yval2.","yval2.","yval2.","yval2.nodeprob"
"1","Petal.Length",99,99,47,1,0.6595745,3,3, 1.00000000,52.00000000,31.00000000,16.00000000, 0.52525253, 0.31313131, 0.16161616, 1.00000000
"2","<leaf>",52,52, 0,1,0.0000000,0,0, 1.00000000,52.00000000, 0.00000000, 0.00000000, 1.00000000, 0.00000000, 0.00000000, 0.52525253
"3","Petal.Length",47,47,16,2,0.2978723,3,3, 2.00000000, 0.00000000,31.00000000,16.00000000, 0.00000000, 0.65957447, 0.34042553, 0.47474747
"6","Petal.Width",33,33, 2,2,0.0212766,3,0, 2.00000000, 0.00000000,31.00000000, 2.00000000, 0.00000000, 0.93939394, 0.06060606, 0.33333333
"12","<leaf>",30,30, 0,2,0.0000000,0,0, 2.00000000, 0.00000000,30.00000000, 0.00000000, 0.00000000, 1.00000000, 0.00000000, 0.30303030
"13","Sepal.Length", 3, 3, 1,3,0.0212766,1,0, 3.00000000, 0.00000000, 1.00000000, 2.00000000, 0.00000000, 0.33333333, 0.66666667, 0.03030303
"26","<leaf>", 1, 1, 0,2,0.0000000,0,0, 2.00000000, 0.00000000, 1.00000000, 0.00000000, 0.00000000, 1.00000000, 0.00000000, 0.01010101
"27","<leaf>", 2, 2, 0,3,0.0000000,0,0, 3.00000000, 0.00000000, 0.00000000, 2.00000000, 0.00000000, 0.00000000, 1.00000000, 0.02020202
"7","<leaf>",14,14, 0,3,0.0000000,0,0, 3.00000000, 0.00000000, 0.00000000,14.00000000, 0.00000000, 0.00000000, 1.00000000, 0.14141414
