"","var","n","wt","dev","yval","complexity","ncompete","nsurrogate","yval2.","yval2.","yval2.","yval2.","yval2.","yval2.","yval2.","yval2.nodeprob"
"1","Petal.Width",99,99,50,3,0.52,3,3, 3.00000000,28.00000000,22.00000000,49.00000000, 0.28282828, 0.22222222, 0.49494949, 1.00000000
"2","Petal.Length",52,52,24,1,0.44,3,3, 1.00000000,28.00000000,22.00000000, 2.00000000, 0.53846154, 0.42307692, 0.03846154, 0.52525253
"4","<leaf>",28,28, 0,1,0.00,0,0, 1.00000000,28.00000000, 0.00000000, 0.00000000, 1.00000000, 0.00000000, 0.00000000, 0.28282828
"5","Petal.Length",24,24, 2,2,0.04,3,0, 2.00000000, 0.00000000,22.00000000, 2.00000000, 0.00000000, 0.91666667, 0.08333333, 0.24242424
"10","<leaf>",22,22, 0,2,0.00,0,0, 2.00000000, 0.00000000,22.00000000, 0.00000000, 0.00000000, 1.00000000, 0.00000000, 0.22222222
"11","<leaf>", 2, 2, 0,3,0.00,0,0, 3.00000000, 0.00000000, 0.00000000, 2.00000000, 0.00000000, 0.00000000, 1.00000000, 0.02020202
"3","<leaf>",47,47, 0,3,0.00,0,0, 3.00000000, 0.00000000, 0.00000000,47.00000000, 0.00000000, 0.00000000, 1.00000000, 0.47474747
