"","var","n","wt","dev","yval","complexity","ncompete","nsurrogate","yval2.","yval2.","yval2.","yval2.","yval2.","yval2.","yval2.","yval2.nodeprob"
"1","Petal.Length",100,100,49,2,0.51020408,3,2, 2.00000000,22.00000000,51.00000000,27.00000000, 0.22000000, 0.51000000, 0.27000000, 1.00000000
"2","Petal.Length", 71, 71,22,2,0.44897959,3,3, 2.00000000,22.00000000,49.00000000, 0.00000000, 0.30985915, 0.69014085, 0.00000000, 0.71000000
"4","<leaf>", 22, 22, 0,1,0.00000000,0,0, 1.00000000,22.00000000, 0.00000000, 0.00000000, 1.00000000, 0.00000000, 0.00000000, 0.22000000
"5","<leaf>", 49, 49, 0,2,0.00000000,0,0, 2.00000000, 0.00000000,49.00000000, 0.00000000, 0.00000000, 1.00000000, 0.00000000, 0.49000000
"3","Petal.Width", 29, 29, 2,3,0.02040816,3,1, 3.00000000, 0.00000000, 2.00000000,27.00000000, 0.00000000, 0.06896552, 0.93103448, 0.29000000
"6","Sepal.Length",  5,  5, 2,3,0.02040816,3,2, 3.00000000, 0.00000000, 2.00000000, 3.00000000, 0.00000000, 0.40000000, 0.60000000, 0.05000000
"12","<leaf>",  2,  2, 0,2,0.00000000,0,0, 2.00000000, 0.00000000, 2.00000000, 0.00000000, 0.00000000, 1.00000000, 0.00000000, 0.02000000
"13","<leaf>",  3,  3, 0,3,0.00000000,0,0, 3.00000000, 0.00000000, 0.00000000, 3.00000000, 0.00000000, 0.00000000, 1.00000000, 0.03000000
"7","<leaf>", 24, 24, 0,3,0.00000000,0,0, 3.00000000, 0.00000000, 0.00000000,24.00000000, 0.00000000, 0.00000000, 1.00000000, 0.24000000
