"","var","n","wt","dev","yval","complexity","ncompete","nsurrogate","yval2.","yval2.","yval2.","yval2.","yval2.","yval2.","yval2.","yval2.nodeprob"
"1","Petal.Length",100,100,52,3,0.538461538,3,3, 3.00000000,29.00000000,23.00000000,48.00000000, 0.29000000, 0.23000000, 0.48000000, 1.00000000
"2","Petal.Length", 53, 53,24,1,0.442307692,3,3, 1.00000000,29.00000000,23.00000000, 1.00000000, 0.54716981, 0.43396226, 0.01886792, 0.53000000
"4","<leaf>", 29, 29, 0,1,0.000000000,0,0, 1.00000000,29.00000000, 0.00000000, 0.00000000, 1.00000000, 0.00000000, 0.00000000, 0.29000000
"5","Petal.Width", 24, 24, 1,2,0.009615385,3,1, 2.00000000, 0.00000000,23.00000000, 1.00000000, 0.00000000, 0.95833333, 0.04166667, 0.24000000
"10","<leaf>", 22, 22, 0,2,0.000000000,0,0, 2.00000000, 0.00000000,22.00000000, 0.00000000, 0.00000000, 1.00000000, 0.00000000, 0.22000000
"11","Sepal.Length",  2,  2, 1,2,0.009615385,1,0, 2.00000000, 0.00000000, 1.00000000, 1.00000000, 0.00000000, 0.50000000, 0.50000000, 0.02000000
"22","<leaf>",  1,  1, 0,2,0.000000000,0,0, 2.00000000, 0.00000000, 1.00000000, 0.00000000, 0.00000000, 1.00000000, 0.00000000, 0.01000000
"23","<leaf>",  1,  1, 0,3,0.000000000,0,0, 3.00000000, 0.00000000, 0.00000000, 1.00000000, 0.00000000, 0.00000000, 1.00000000, 0.01000000
"3","<leaf>", 47, 47, 0,3,0.000000000,0,0, 3.00000000, 0.00000000, 0.00000000,47.00000000, 0.00000000, 0.00000000, 1.00000000, 0.47000000
