"","var","n","wt","dev","yval","complexity","ncompete","nsurrogate","yval2.","yval2.","yval2.","yval2.","yval2.","yval2.","yval2.","yval2.nodeprob"
"1","Petal.Length",99,99,56,2,0.535714286,3,3, 2.00000000,30.00000000,43.00000000,26.00000000, 0.30303030, 0.43434343, 0.26262626, 1.00000000
"2","<leaf>",30,30, 0,1,0.000000000,0,0, 1.00000000,30.00000000, 0.00000000, 0.00000000, 1.00000000, 0.00000000, 0.00000000, 0.30303030
"3","Petal.Length",69,69,26,2,0.446428571,3,3, 2.00000000, 0.00000000,43.00000000,26.00000000, 0.00000000, 0.62318841, 0.37681159, 0.69696970
"6","<leaf>",42,42, 0,2,0.000000000,0,0, 2.00000000, 0.00000000,42.00000000, 0.00000000, 0.00000000, 1.00000000, 0.00000000, 0.42424242
"7","Petal.Width",27,27, 1,3,0.008928571,3,0, 3.00000000, 0.00000000, 1.00000000,26.00000000, 0.00000000, 0.03703704, 0.96296296, 0.27272727
"14","Sepal.Width", 3, 3, 1,3,0.008928571,3,0, 3.00000000, 0.00000000, 1.00000000, 2.00000000, 0.00000000, 0.33333333, 0.66666667, 0.03030303
"28","<leaf>", 1, 1, 0,2,0.000000000,0,0, 2.00000000, 0.00000000, 1.00000000, 0.00000000, 0.00000000, 1.00000000, 0.00000000, 0.01010101
"29","<leaf>", 2, 2, 0,3,0.000000000,0,0, 3.00000000, 0.00000000, 0.00000000, 2.00000000, 0.00000000, 0.00000000, 1.00000000, 0.02020202
"15","<leaf>",24,24, 0,3,0.000000000,0,0, 3.00000000, 0.00000000, 0.00000000,24.00000000, 0.00000000, 0.00000000, 1.00000000, 0.24242424
