"","var","n","wt","dev","yval","complexity","ncompete","nsurrogate","yval2.","yval2.","yval2.","yval2.","yval2.","yval2.","yval2.","yval2.nodeprob"
"1","Petal.Width",99,99,53,3,0.490566038,3,3, 3.00000000,27.00000000,26.00000000,46.00000000, 0.27272727, 0.26262626, 0.46464646, 1.00000000
"2","Petal.Length",54,54,27,1,0.490566038,3,3, 1.00000000,27.00000000,26.00000000, 1.00000000, 0.50000000, 0.48148148, 0.01851852, 0.54545455
"4","<leaf>",27,27, 0,1,0.000000000,0,0, 1.00000000,27.00000000, 0.00000000, 0.00000000, 1.00000000, 0.00000000, 0.00000000, 0.27272727
"5","Petal.Length",27,27, 1,2,0.009433962,3,0, 2.00000000, 0.00000000,26.00000000, 1.00000000, 0.00000000, 0.96296296, 0.03703704, 0.27272727
"10","<leaf>",25,25, 0,2,0.000000000,0,0, 2.00000000, 0.00000000,25.00000000, 0.00000000, 0.00000000, 1.00000000, 0.00000000, 0.25252525
"11","Sepal.Length", 2, 2, 1,2,0.009433962,2,0, 2.00000000, 0.00000000, 1.00000000, 1.00000000, 0.00000000, 0.50000000, 0.50000000, 0.02020202
"22","<leaf>", 1, 1, 0,2,0.000000000,0,0, 2.00000000, 0.00000000, 1.00000000, 0.00000000, 0.00000000, 1.00000000, 0.00000000, 0.01010101
"23","<leaf>", 1, 1, 0,3,0.000000000,0,0, 3.00000000, 0.00000000, 0.00000000, 1.00000000, 0.00000000, 0.00000000, 1.00000000, 0.01010101
"3","<leaf>",45,45, 0,3,0.000000000,0,0, 3.00000000, 0.00000000, 0.00000000,45.00000000, 0.00000000, 0.00000000, 1.00000000, 0.45454545
