"","var","n","wt","dev","yval","complexity","ncompete","nsurrogate","yval2.","yval2.","yval2.","yval2.","yval2.","yval2.","yval2.","yval2.nodeprob"
"1","Petal.Length",100,100,49,2,0.55102041,3,3, 2.00000000,27.00000000,51.00000000,22.00000000, 0.27000000, 0.51000000, 0.22000000, 1.00000000
"2","<leaf>", 27, 27, 0,1,0.00000000,0,0, 1.00000000,27.00000000, 0.00000000, 0.00000000, 1.00000000, 0.00000000, 0.00000000, 0.27000000
"3","Petal.Length", 73, 73,22,2,0.40816327,3,3, 2.00000000, 0.00000000,51.00000000,22.00000000, 0.00000000, 0.69863014, 0.30136986, 0.73000000
"6","Petal.Width", 53, 53, 2,2,0.04081633,3,0, 2.00000000, 0.00000000,51.00000000, 2.00000000, 0.00000000, 0.96226415, 0.03773585, 0.53000000
"12","<leaf>", 51, 51, 0,2,0.00000000,0,0, 2.00000000, 0.00000000,51.00000000, 0.00000000, 0.00000000, 1.00000000, 0.00000000, 0.51000000
"13","<leaf>",  2,  2, 0,3,0.00000000,0,0, 3.00000000, 0.00000000, 0.00000000, 2.00000000, 0.00000000, 0.00000000, 1.00000000, 0.02000000
"7","<leaf>", 20, 20, 0,3,0.00000000,0,0, 3.00000000, 0.00000000, 0.00000000,20.00000000, 0.00000000, 0.00000000, 1.00000000, 0.20000000
