"","var","n","wt","dev","yval","complexity","ncompete","nsurrogate","yval2.","yval2.","yval2.","yval2.","yval2.","yval2.","yval2.","yval2.nodeprob"
"1","Petal.Length",100,100,52,1,0.51923077,3,3, 1.00000000,48.00000000,27.00000000,25.00000000, 0.48000000, 0.27000000, 0.25000000, 1.00000000
"2","<leaf>", 48, 48, 0,1,0.00000000,0,0, 1.00000000,48.00000000, 0.00000000, 0.00000000, 1.00000000, 0.00000000, 0.00000000, 0.48000000
"3","Petal.Length", 52, 52,25,2,0.44230769,3,3, 2.00000000, 0.00000000,27.00000000,25.00000000, 0.00000000, 0.51923077, 0.48076923, 0.52000000
"6","<leaf>", 25, 25, 0,2,0.00000000,0,0, 2.00000000, 0.00000000,25.00000000, 0.00000000, 0.00000000, 1.00000000, 0.00000000, 0.25000000
"7","Petal.Length", 27, 27, 2,3,0.01923077,3,0, 3.00000000, 0.00000000, 2.00000000,25.00000000, 0.00000000, 0.07407407, 0.92592593, 0.27000000
"14","Sepal.Length",  4,  4, 2,2,0.01923077,2,1, 2.00000000, 0.00000000, 2.00000000, 2.00000000, 0.00000000, 0.50000000, 0.50000000, 0.04000000
"28","<leaf>",  2,  2, 0,2,0.00000000,0,0, 2.00000000, 0.00000000, 2.00000000, 0.00000000, 0.00000000, 1.00000000, 0.00000000, 0.02000000
"29","<leaf>",  2,  2, 0,3,0.00000000,0,0, 3.00000000, 0.00000000, 0.00000000, 2.00000000, 0.00000000, 0.00000000, 1.00000000, 0.02000000
"15","<leaf>", 23, 23, 0,3,0.00000000,0,0, 3.00000000, 0.00000000, 0.00000000,23.00000000, 0.00000000, 0.00000000, 1.00000000, 0.23000000
