"","var","n","wt","dev","yval","complexity","ncompete","nsurrogate","yval2.","yval2.","yval2.","yval2.","yval2.","yval2.","yval2.","yval2.nodeprob"
"1","Petal.Length",99,99,43,1,0.51162791,3,3, 1.00000000,56.00000000,21.00000000,22.00000000, 0.56565657, 0.21212121, 0.22222222, 1.00000000
"2","<leaf>",56,56, 0,1,0.00000000,0,0, 1.00000000,56.00000000, 0.00000000, 0.00000000, 1.00000000, 0.00000000, 0.00000000, 0.56565657
"3","Petal.Width",43,43,21,3,0.46511628,3,3, 3.00000000, 0.00000000,21.00000000,22.00000000, 0.00000000, 0.48837209, 0.51162791, 0.43434343
"6","Sepal.Length",22,22, 1,2,0.02325581,3,0, 2.00000000, 0.00000000,21.00000000, 1.00000000, 0.00000000, 0.95454545, 0.04545455, 0.22222222
"12","<leaf>",21,21, 0,2,0.00000000,0,0, 2.00000000, 0.00000000,21.00000000, 0.00000000, 0.00000000, 1.00000000, 0.00000000, 0.21212121
"13","<leaf>", 1, 1, 0,3,0.00000000,0,0, 3.00000000, 0.00000000, 0.00000000, 1.00000000, 0.00000000, 0.00000000, 1.00000000, 0.01010101
"7","<leaf>",21,21, 0,3,0.00000000,0,0, 3.00000000, 0.00000000, 0.00000000,21.00000000, 0.00000000, 0.00000000, 1.00000000, 0.21212121
