"","var","n","wt","dev","yval","complexity","ncompete","nsurrogate","yval2.","yval2.","yval2.","yval2.","yval2.","yval2.","yval2.","yval2.nodeprob"
"1","Petal.Length",100,100,48,3,0.50000000,3,3, 3.00000000,24.00000000,24.00000000,52.00000000, 0.24000000, 0.24000000, 0.52000000, 1.00000000
"2","Petal.Length", 47, 47,23,1,0.47916667,3,3, 1.00000000,24.00000000,23.00000000, 0.00000000, 0.51063830, 0.48936170, 0.00000000, 0.47000000
"4","<leaf>", 24, 24, 0,1,0.00000000,0,0, 1.00000000,24.00000000, 0.00000000, 0.00000000, 1.00000000, 0.00000000, 0.00000000, 0.24000000
"5","<leaf>", 23, 23, 0,2,0.00000000,0,0, 2.00000000, 0.00000000,23.00000000, 0.00000000, 0.00000000, 1.00000000, 0.00000000, 0.23000000
"3","Petal.Length", 53, 53, 1,3,0.01041667,3,0, 3.00000000, 0.00000000, 1.00000000,52.00000000, 0.00000000, 0.01886792, 0.98113208, 0.53000000
"6","Sepal.Length",  2,  2, 1,2,0.01041667,2,0, 2.00000000, 0.00000000, 1.00000000, 1.00000000, 0.00000000, 0.50000000, 0.50000000, 0.02000000
"12","<leaf>",  1,  1, 0,2,0.00000000,0,0, 2.00000000, 0.00000000, 1.00000000, 0.00000000, 0.00000000, 1.00000000, 0.00000000, 0.01000000
"13","<leaf>",  1,  1, 0,3,0.00000000,0,0, 3.00000000, 0.00000000, 0.00000000, 1.00000000, 0.00000000, 0.00000000, 1.00000000, 0.01000000
"7","<leaf>", 51, 51, 0,3,0.00000000,0,0, 3.00000000, 0.00000000, 0.00000000,51.00000000, 0.00000000, 0.00000000, 1.00000000, 0.51000000
