"","var","n","wt","dev","yval","complexity","ncompete","nsurrogate","yval2.","yval2.","yval2.","yval2.","yval2.","yval2.","yval2.","yval2.nodeprob"
"1","Petal.Width",100,100,47,2,0.53191489,3,2, 2.00000000,20.00000000,53.00000000,27.00000000, 0.20000000, 0.53000000, 0.27000000, 1.00000000
"2","Petal.Length", 75, 75,22,2,0.42553191,3,3, 2.00000000,20.00000000,53.00000000, 2.00000000, 0.26666667, 0.70666667, 0.02666667, 0.75000000
"4","<leaf>", 20, 20, 0,1,0.00000000,0,0, 1.00000000,20.00000000, 0.00000000, 0.00000000, 1.00000000, 0.00000000, 0.00000000, 0.20000000
"5","Petal.Length", 55, 55, 2,2,0.04255319,3,0, 2.00000000, 0.00000000,53.00000000, 2.00000000, 0.00000000, 0.96363636, 0.03636364, 0.55000000
"10","<leaf>", 53, 53, 0,2,0.00000000,0,0, 2.00000000, 0.00000000,53.00000000, 0.00000000, 0.00000000, 1.00000000, 0.00000000, 0.53000000
"11","<leaf>",  2,  2, 0,3,0.00000000,0,0, 3.00000000, 0.00000000, 0.00000000, 2.00000000, 0.00000000, 0.00000000, 1.00000000, 0.02000000
"3","<leaf>", 25, 25, 0,3,0.00000000,0,0, 3.00000000, 0.00000000, 0.00000000,25.00000000, 0.00000000, 0.00000000, 1.00000000, 0.25000000
