"","var","n","wt","dev","yval","complexity","ncompete","nsurrogate","yval2.","yval2.","yval2.","yval2.","yval2.","yval2.","yval2.","yval2.nodeprob"
"1","Petal.Length",99,99,46,2,0.56521739,3,3, 2.00000000,26.00000000,53.00000000,20.00000000, 0.26262626, 0.53535354, 0.20202020, 1.00000000
"2","<leaf>",26,26, 0,1,0.00000000,0,0, 1.00000000,26.00000000, 0.00000000, 0.00000000, 1.00000000, 0.00000000, 0.00000000, 0.26262626
"3","Petal.Length",73,73,20,2,0.39130435,3,3, 2.00000000, 0.00000000,53.00000000,20.00000000, 0.00000000, 0.72602740, 0.27397260, 0.73737374
"6","<leaf>",51,51, 0,2,0.00000000,0,0, 2.00000000, 0.00000000,51.00000000, 0.00000000, 0.00000000, 1.00000000, 0.00000000, 0.51515152
"7","Petal.Width",22,22, 2,3,0.02173913,3,0, 3.00000000, 0.00000000, 2.00000000,20.00000000, 0.00000000, 0.09090909, 0.90909091, 0.22222222
"14","Petal.Length", 3, 3, 1,2,0.02173913,3,0, 2.00000000, 0.00000000, 2.00000000, 1.00000000, 0.00000000, 0.66666667, 0.33333333, 0.03030303
"28","<leaf>", 2, 2, 0,2,0.00000000,0,0, 2.00000000, 0.00000000, 2.00000000, 0.00000000, 0.00000000, 1.00000000, 0.00000000, 0.02020202
"29","<leaf>", 1, 1, 0,3,0.00000000,0,0, 3.00000000, 0.00000000, 0.00000000, 1.00000000, 0.00000000, 0.00000000, 1.00000000, 0.01010101
"15","<leaf>",19,19, 0,3,0.00000000,0,0, 3.00000000, 0.00000000, 0.00000000,19.00000000, 0.00000000, 0.00000000, 1.00000000, 0.19191919
