"","var","n","wt","dev","yval","complexity","ncompete","nsurrogate","yval2.","yval2.","yval2.","yval2.","yval2.","yval2.","yval2.","yval2.nodeprob"
"1","Petal.Width",99,99,49,2,0.55102041,3,2, 2.00000000,20.00000000,50.00000000,29.00000000, 0.20202020, 0.50505051, 0.29292929, 1.00000000
"2","Petal.Length",72,72,22,2,0.40816327,3,3, 2.00000000,20.00000000,50.00000000, 2.00000000, 0.27777778, 0.69444444, 0.02777778, 0.72727273
"4","<leaf>",20,20, 0,1,0.00000000,0,0, 1.00000000,20.00000000, 0.00000000, 0.00000000, 1.00000000, 0.00000000, 0.00000000, 0.20202020
"5","Petal.Length",52,52, 2,2,0.02040816,3,0, 2.00000000, 0.00000000,50.00000000, 2.00000000, 0.00000000, 0.96153846, 0.03846154, 0.52525253
"10","<leaf>",49,49, 0,2,0.00000000,0,0, 2.00000000, 0.00000000,49.00000000, 0.00000000, 0.00000000, 1.00000000, 0.00000000, 0.49494949
"11","Petal.Width", 3, 3, 1,3,0.02040816,3,0, 3.00000000, 0.00000000, 1.00000000, 2.00000000, 0.00000000, 0.33333333, 0.66666667, 0.03030303
"22","<leaf>", 1, 1, 0,2,0.00000000,0,0, 2.00000000, 0.00000000, 1.00000000, 0.00000000, 0.00000000, 1.00000000, 0.00000000, 0.01010101
"23","<leaf>", 2, 2, 0,3,0.00000000,0,0, 3.00000000, 0.00000000, 0.00000000, 2.00000000, 0.00000000, 0.00000000, 1.00000000, 0.02020202
"3","<leaf>",27,27, 0,3,0.00000000,0,0, 3.00000000, 0.00000000, 0.00000000,27.00000000, 0.00000000, 0.00000000, 1.00000000, 0.27272727
