"","var","n","wt","dev","yval","complexity","ncompete","nsurrogate","yval2.","yval2.","yval2.","yval2.","yval2.","yval2.","yval2.","yval2.nodeprob"
"1","Petal.Width",100,100,51,3,0.49019608,3,3, 3.00000000,26.00000000,25.00000000,49.00000000, 0.26000000, 0.25000000, 0.49000000, 1.00000000
"2","Petal.Length", 52, 52,26,1,0.49019608,3,3, 1.00000000,26.00000000,25.00000000, 1.00000000, 0.50000000, 0.48076923, 0.01923077, 0.52000000
"4","<leaf>", 26, 26, 0,1,0.00000000,0,0, 1.00000000,26.00000000, 0.00000000, 0.00000000, 1.00000000, 0.00000000, 0.00000000, 0.26000000
"5","Sepal.Length", 26, 26, 1,2,0.01960784,3,0, 2.00000000, 0.00000000,25.00000000, 1.00000000, 0.00000000, 0.96153846, 0.03846154, 0.26000000
"10","<leaf>", 25, 25, 0,2,0.00000000,0,0, 2.00000000, 0.00000000,25.00000000, 0.00000000, 0.00000000, 1.00000000, 0.00000000, 0.25000000
"11","<leaf>",  1,  1, 0,3,0.00000000,0,0, 3.00000000, 0.00000000, 0.00000000, 1.00000000, 0.00000000, 0.00000000, 1.00000000, 0.01000000
"3","<leaf>", 48, 48, 0,3,0.00000000,0,0, 3.00000000, 0.00000000, 0.00000000,48.00000000, 0.00000000, 0.00000000, 1.00000000, 0.48000000
