"","var","n","wt","dev","yval","complexity","ncompete","nsurrogate","yval2.","yval2.","yval2.","yval2.","yval2.","yval2.","yval2.","yval2.nodeprob"
"1","Petal.Width",99,99,51,3,0.52941176,3,3, 3.00000000,23.00000000,28.00000000,48.00000000, 0.23232323, 0.28282828, 0.48484848, 1.00000000
"2","Petal.Length",52,52,24,2,0.45098039,3,3, 2.00000000,23.00000000,28.00000000, 1.00000000, 0.44230769, 0.53846154, 0.01923077, 0.52525253
"4","<leaf>",23,23, 0,1,0.00000000,0,0, 1.00000000,23.00000000, 0.00000000, 0.00000000, 1.00000000, 0.00000000, 0.00000000, 0.23232323
"5","Petal.Length",29,29, 1,2,0.01960784,3,0, 2.00000000, 0.00000000,28.00000000, 1.00000000, 0.00000000, 0.96551724, 0.03448276, 0.29292929
"10","<leaf>",28,28, 0,2,0.00000000,0,0, 2.00000000, 0.00000000,28.00000000, 0.00000000, 0.00000000, 1.00000000, 0.00000000, 0.28282828
"11","<leaf>", 1, 1, 0,3,0.00000000,0,0, 3.00000000, 0.00000000, 0.00000000, 1.00000000, 0.00000000, 0.00000000, 1.00000000, 0.01010101
"3","<leaf>",47,47, 0,3,0.00000000,0,0, 3.00000000, 0.00000000, 0.00000000,47.00000000, 0.00000000, 0.00000000, 1.00000000, 0.47474747
