"","var","n","wt","dev","yval","complexity","ncompete","nsurrogate","yval2.","yval2.","yval2.","yval2.","yval2.","yval2.","yval2.","yval2.nodeprob"
"1","Petal.Length",100,100,46,3,0.56521739,3,3, 3.00000000,18.00000000,28.00000000,54.00000000, 0.18000000, 0.28000000, 0.54000000, 1.00000000
"2","Petal.Length", 48, 48,20,2,0.39130435,3,3, 2.00000000,18.00000000,28.00000000, 2.00000000, 0.37500000, 0.58333333, 0.04166667, 0.48000000
"4","<leaf>", 18, 18, 0,1,0.00000000,0,0, 1.00000000,18.00000000, 0.00000000, 0.00000000, 1.00000000, 0.00000000, 0.00000000, 0.18000000
"5","Petal.Width", 30, 30, 2,2,0.02173913,3,1, 2.00000000, 0.00000000,28.00000000, 2.00000000, 0.00000000, 0.93333333, 0.06666667, 0.30000000
"10","<leaf>", 27, 27, 0,2,0.00000000,0,0, 2.00000000, 0.00000000,27.00000000, 0.00000000, 0.00000000, 1.00000000, 0.00000000, 0.27000000
"11","Sepal.Width",  3,  3, 1,3,0.02173913,3,0, 3.00000000, 0.00000000, 1.00000000, 2.00000000, 0.00000000, 0.33333333, 0.66666667, 0.03000000
"22","<leaf>",  1,  1, 0,2,0.00000000,0,0, 2.00000000, 0.00000000, 1.00000000, 0.00000000, 0.00000000, 1.00000000, 0.00000000, 0.01000000
"23","<leaf>",  2,  2, 0,3,0.00000000,0,0, 3.00000000, 0.00000000, 0.00000000, 2.00000000, 0.00000000, 0.00000000, 1.00000000, 0.02000000
"3","<leaf>", 52, 52, 0,3,0.00000000,0,0, 3.00000000, 0.00000000, 0.00000000,52.00000000, 0.00000000, 0.00000000, 1.00000000, 0.52000000
