"","var","n","wt","dev","yval","complexity","ncompete","nsurrogate","yval2.","yval2.","yval2.","yval2.","yval2.","yval2.","yval2.","yval2.nodeprob"
"1","Petal.Length",99,99,45,2,0.53333333,3,3, 2.00000000,24.00000000,54.00000000,21.00000000, 0.24242424, 0.54545455, 0.21212121, 1.00000000
"2","<leaf>",24,24, 0,1,0.00000000,0,0, 1.00000000,24.00000000, 0.00000000, 0.00000000, 1.00000000, 0.00000000, 0.00000000, 0.24242424
"3","Petal.Width",75,75,21,2,0.42222222,3,3, 2.00000000, 0.00000000,54.00000000,21.00000000, 0.00000000, 0.72000000, 0.28000000, 0.75757576
"6","Petal.Length",56,56, 2,2,0.02222222,3,0, 2.00000000, 0.00000000,54.00000000, 2.00000000, 0.00000000, 0.96428571, 0.03571429, 0.56565657
"12","<leaf>",53,53, 0,2,0.00000000,0,0, 2.00000000, 0.00000000,53.00000000, 0.00000000, 0.00000000, 1.00000000, 0.00000000, 0.53535354
"13","Sepal.Length", 3, 3, 1,3,0.02222222,3,0, 3.00000000, 0.00000000, 1.00000000, 2.00000000, 0.00000000, 0.33333333, 0.66666667, 0.03030303
"26","<leaf>", 1, 1, 0,2,0.00000000,0,0, 2.00000000, 0.00000000, 1.00000000, 0.00000000, 0.00000000, 1.00000000, 0.00000000, 0.01010101
"27","<leaf>", 2, 2, 0,3,0.00000000,0,0, 3.00000000, 0.00000000, 0.00000000, 2.00000000, 0.00000000, 0.00000000, 1.00000000, 0.02020202
"7","<leaf>",19,19, 0,3,0.00000000,0,0, 3.00000000, 0.00000000, 0.00000000,19.00000000, 0.00000000, 0.00000000, 1.00000000, 0.19191919
