"","var","n","wt","dev","yval","complexity","ncompete","nsurrogate","yval2.","yval2.","yval2.","yval2.","yval2.","yval2.","yval2.","yval2.nodeprob"
"1","Petal.Width",99,99,52,3,0.519230769,3,3, 3.00000000,24.00000000,28.00000000,47.00000000, 0.24242424, 0.28282828, 0.47474747, 1.00000000
"2","Petal.Length",53,53,25,2,0.461538462,3,3, 2.00000000,24.00000000,28.00000000, 1.00000000, 0.45283019, 0.52830189, 0.01886792, 0.53535354
"4","<leaf>",24,24, 0,1,0.000000000,0,0, 1.00000000,24.00000000, 0.00000000, 0.00000000, 1.00000000, 0.00000000, 0.00000000, 0.24242424
"5","Petal.Length",29,29, 1,2,0.009615385,3,0, 2.00000000, 0.00000000,28.00000000, 1.00000000, 0.00000000, 0.96551724, 0.03448276, 0.29292929
"10","<leaf>",27,27, 0,2,0.000000000,0,0, 2.00000000, 0.00000000,27.00000000, 0.00000000, 0.00000000, 1.00000000, 0.00000000, 0.27272727
"11","Sepal.Width", 2, 2, 1,2,0.009615385,2,0, 2.00000000, 0.00000000, 1.00000000, 1.00000000, 0.00000000, 0.50000000, 0.50000000, 0.02020202
"22","<leaf>", 1, 1, 0,2,0.000000000,0,0, 2.00000000, 0.00000000, 1.00000000, 0.00000000, 0.00000000, 1.00000000, 0.00000000, 0.01010101
"23","<leaf>", 1, 1, 0,3,0.000000000,0,0, 3.00000000, 0.00000000, 0.00000000, 1.00000000, 0.00000000, 0.00000000, 1.00000000, 0.01010101
"3","<leaf>",46,46, 0,3,0.000000000,0,0, 3.00000000, 0.00000000, 0.00000000,46.00000000, 0.00000000, 0.00000000, 1.00000000, 0.46464646
