"","var","n","wt","dev","yval","complexity","ncompete","nsurrogate","yval2.","yval2.","yval2.","yval2.","yval2.","yval2.","yval2.","yval2.nodeprob"
"1","Petal.Length",99,99,49,3,0.48979592,3,3, 3.00000000,24.00000000,25.00000000,50.00000000, 0.24242424, 0.25252525, 0.50505051, 1.00000000
"2","Petal.Length",50,50,25,2,0.48979592,3,3, 2.00000000,24.00000000,25.00000000, 1.00000000, 0.48000000, 0.50000000, 0.02000000, 0.50505051
"4","<leaf>",24,24, 0,1,0.00000000,0,0, 1.00000000,24.00000000, 0.00000000, 0.00000000, 1.00000000, 0.00000000, 0.00000000, 0.24242424
"5","Petal.Width",26,26, 1,2,0.02040816,3,0, 2.00000000, 0.00000000,25.00000000, 1.00000000, 0.00000000, 0.96153846, 0.03846154, 0.26262626
"10","<leaf>",25,25, 0,2,0.00000000,0,0, 2.00000000, 0.00000000,25.00000000, 0.00000000, 0.00000000, 1.00000000, 0.00000000, 0.25252525
"11","<leaf>", 1, 1, 0,3,0.00000000,0,0, 3.00000000, 0.00000000, 0.00000000, 1.00000000, 0.00000000, 0.00000000, 1.00000000, 0.01010101
"3","<leaf>",49,49, 0,3,0.00000000,0,0, 3.00000000, 0.00000000, 0.00000000,49.00000000, 0.00000000, 0.00000000, 1.00000000, 0.49494949
