"","var","n","wt","dev","yval","complexity","ncompete","nsurrogate","yval2.","yval2.","yval2.","yval2.","yval2.","yval2.","yval2.","yval2.nodeprob"
"1","Petal.Length",100,100,54,2,0.500000000,3,3, 2.00000000,27.00000000,46.00000000,27.00000000, 0.27000000, 0.46000000, 0.27000000, 1.00000000
"2","<leaf>", 27, 27, 0,1,0.000000000,0,0, 1.00000000,27.00000000, 0.00000000, 0.00000000, 1.00000000, 0.00000000, 0.00000000, 0.27000000
"3","Petal.Length", 73, 73,27,2,0.481481481,3,3, 2.00000000, 0.00000000,46.00000000,27.00000000, 0.00000000, 0.63013699, 0.36986301, 0.73000000
"6","<leaf>", 45, 45, 0,2,0.000000000,0,0, 2.00000000, 0.00000000,45.00000000, 0.00000000, 0.00000000, 1.00000000, 0.00000000, 0.45000000
"7","Petal.Width", 28, 28, 1,3,0.009259259,3,0, 3.00000000, 0.00000000, 1.00000000,27.00000000, 0.00000000, 0.03571429, 0.96428571, 0.28000000
"14","Sepal.Length",  2,  2, 1,2,0.009259259,2,0, 2.00000000, 0.00000000, 1.00000000, 1.00000000, 0.00000000, 0.50000000, 0.50000000, 0.02000000
"28","<leaf>",  1,  1, 0,2,0.000000000,0,0, 2.00000000, 0.00000000, 1.00000000, 0.00000000, 0.00000000, 1.00000000, 0.00000000, 0.01000000
"29","<leaf>",  1,  1, 0,3,0.000000000,0,0, 3.00000000, 0.00000000, 0.00000000, 1.00000000, 0.00000000, 0.00000000, 1.00000000, 0.01000000
"15","<leaf>", 26, 26, 0,3,0.000000000,0,0, 3.00000000, 0.00000000, 0.00000000,26.00000000, 0.00000000, 0.00000000, 1.00000000, 0.26000000
