"","var","n","wt","dev","yval","complexity","ncompete","nsurrogate","yval2.","yval2.","yval2.","yval2.","yval2.","yval2.","yval2.","yval2.nodeprob"
"1","Petal.Length",99,99,53,1,0.50943396,3,3, 1.00000000,46.00000000,27.00000000,26.00000000, 0.46464646, 0.27272727, 0.26262626, 1.00000000
"2","<leaf>",46,46, 0,1,0.00000000,0,0, 1.00000000,46.00000000, 0.00000000, 0.00000000, 1.00000000, 0.00000000, 0.00000000, 0.46464646
"3","Petal.Length",53,53,26,2,0.45283019,3,3, 2.00000000, 0.00000000,27.00000000,26.00000000, 0.00000000, 0.50943396, 0.49056604, 0.53535354
"6","<leaf>",25,25, 0,2,0.00000000,0,0, 2.00000000, 0.00000000,25.00000000, 0.00000000, 0.00000000, 1.00000000, 0.00000000, 0.25252525
"7","Petal.Width",28,28, 2,3,0.01886792,3,0, 3.00000000, 0.00000000, 2.00000000,26.00000000, 0.00000000, 0.07142857, 0.92857143, 0.28282828
"14","Petal.Length", 4, 4, 2,2,0.01886792,3,0, 2.00000000, 0.00000000, 2.00000000, 2.00000000, 0.00000000, 0.50000000, 0.50000000, 0.04040404
"28","<leaf>", 2, 2, 0,2,0.00000000,0,0, 2.00000000, 0.00000000, 2.00000000, 0.00000000, 0.00000000, 1.00000000, 0.00000000, 0.02020202
"29","<leaf>", 2, 2, 0,3,0.00000000,0,0, 3.00000000, 0.00000000, 0.00000000, 2.00000000, 0.00000000, 0.00000000, 1.00000000, 0.02020202
"15","<leaf>",24,24, 0,3,0.00000000,0,0, 3.00000000, 0.00000000, 0.00000000,24.00000000, 0.00000000, 0.00000000, 1.00000000, 0.24242424
