"","var","n","wt","dev","yval","complexity","ncompete","nsurrogate","yval2.","yval2.","yval2.","yval2.","yval2.","yval2.","yval2.","yval2.nodeprob"
"1","Petal.Length",100,100,44,1,0.63636364,3,3, 1.00000000,56.00000000,16.00000000,28.00000000, 0.56000000, 0.16000000, 0.28000000, 1.00000000
"2","<leaf>", 56, 56, 0,1,0.00000000,0,0, 1.00000000,56.00000000, 0.00000000, 0.00000000, 1.00000000, 0.00000000, 0.00000000, 0.56000000
"3","Petal.Width", 44, 44,16,3,0.34090909,3,3, 3.00000000, 0.00000000,16.00000000,28.00000000, 0.00000000, 0.36363636, 0.63636364, 0.44000000
"6","Petal.Length", 17, 17, 1,2,0.01136364,3,0, 2.00000000, 0.00000000,16.00000000, 1.00000000, 0.00000000, 0.94117647, 0.05882353, 0.17000000
"12","<leaf>", 15, 15, 0,2,0.00000000,0,0, 2.00000000, 0.00000000,15.00000000, 0.00000000, 0.00000000, 1.00000000, 0.00000000, 0.15000000
"13","Sepal.Length",  2,  2, 1,2,0.01136364,2,0, 2.00000000, 0.00000000, 1.00000000, 1.00000000, 0.00000000, 0.50000000, 0.50000000, 0.02000000
"26","<leaf>",  1,  1, 0,2,0.00000000,0,0, 2.00000000, 0.00000000, 1.00000000, 0.00000000, 0.00000000, 1.00000000, 0.00000000, 0.01000000
"27","<leaf>",  1,  1, 0,3,0.00000000,0,0, 3.00000000, 0.00000000, 0.00000000, 1.00000000, 0.00000000, 0.00000000, 1.00000000, 0.01000000
"7","<leaf>", 27, 27, 0,3,0.00000000,0,0, 3.00000000, 0.00000000, 0.00000000,27.00000000, 0.00000000, 0.00000000, 1.00000000, 0.27000000
