"","var","n","wt","dev","yval","complexity","ncompete","nsurrogate","yval2.","yval2.","yval2.","yval2.","yval2.","yval2.","yval2.","yval2.nodeprob"
"1","Petal.Length",100,100,50,3,0.48,3,3, 3.00000000,26.00000000,24.00000000,50.00000000, 0.26000000, 0.24000000, 0.50000000, 1.00000000
"2","Petal.Length", 52, 52,26,1,0.48,3,3, 1.00000000,26.00000000,24.00000000, 2.00000000, 0.50000000, 0.46153846, 0.03846154, 0.52000000
"4","<leaf>", 26, 26, 0,1,0.00,0,0, 1.00000000,26.00000000, 0.00000000, 0.00000000, 1.00000000, 0.00000000, 0.00000000, 0.26000000
"5","Petal.Width", 26, 26, 2,2,0.02,3,0, 2.00000000, 0.00000000,24.00000000, 2.00000000, 0.00000000, 0.92307692, 0.07692308, 0.26000000
"10","<leaf>", 23, 23, 0,2,0.00,0,0, 2.00000000, 0.00000000,23.00000000, 0.00000000, 0.00000000, 1.00000000, 0.00000000, 0.23000000
"11","Sepal.Width",  3,  3, 1,3,0.02,3,0, 3.00000000, 0.00000000, 1.00000000, 2.00000000, 0.00000000, 0.33333333, 0.66666667, 0.03000000
"22","<leaf>",  1,  1, 0,2,0.00,0,0, 2.00000000, 0.00000000, 1.00000000, 0.00000000, 0.00000000, 1.00000000, 0.00000000, 0.01000000
"23","<leaf>",  2,  2, 0,3,0.00,0,0, 3.00000000, 0.00000000, 0.00000000, 2.00000000, 0.00000000, 0.00000000, 1.00000000, 0.02000000
"3","<leaf>", 48, 48, 0,3,0.00,0,0, 3.00000000, 0.00000000, 0.00000000,48.00000000, 0.00000000, 0.00000000, 1.00000000, 0.48000000
