"","var","n","wt","dev","yval","complexity","ncompete","nsurrogate","yval2.","yval2.","yval2.","yval2.","yval2.","yval2.","yval2.","yval2.nodeprob"
"1","Petal.Width",99,99,47,3,0.5319149,3,3, 3.00000000,25.00000000,22.00000000,52.00000000, 0.25252525, 0.22222222, 0.52525253, 1.00000000
"2","Petal.Length",46,46,21,1,0.4468085,3,3, 1.00000000,25.00000000,21.00000000, 0.00000000, 0.54347826, 0.45652174, 0.00000000, 0.46464646
"4","<leaf>",25,25, 0,1,0.0000000,0,0, 1.00000000,25.00000000, 0.00000000, 0.00000000, 1.00000000, 0.00000000, 0.00000000, 0.25252525
"5","<leaf>",21,21, 0,2,0.0000000,0,0, 2.00000000, 0.00000000,21.00000000, 0.00000000, 0.00000000, 1.00000000, 0.00000000, 0.21212121
"3","Petal.Width",53,53, 1,3,0.0106383,3,0, 3.00000000, 0.00000000, 1.00000000,52.00000000, 0.00000000, 0.01886792, 0.98113208, 0.53535354
"6","Sepal.Length", 2, 2, 1,2,0.0106383,2,0, 2.00000000, 0.00000000, 1.00000000, 1.00000000, 0.00000000, 0.50000000, 0.50000000, 0.02020202
"12","<leaf>", 1, 1, 0,2,0.0000000,0,0, 2.00000000, 0.00000000, 1.00000000, 0.00000000, 0.00000000, 1.00000000, 0.00000000, 0.01010101
"13","<leaf>", 1, 1, 0,3,0.0000000,0,0, 3.00000000, 0.00000000, 0.00000000, 1.00000000, 0.00000000, 0.00000000, 1.00000000, 0.01010101
"7","<leaf>",51,51, 0,3,0.0000000,0,0, 3.00000000, 0.00000000, 0.00000000,51.00000000, 0.00000000, 0.00000000, 1.00000000, 0.51515152
