"","var","n","wt","dev","yval","complexity","ncompete","nsurrogate","yval2.","yval2.","yval2.","yval2.","yval2.","yval2.","yval2.","yval2.nodeprob"
"1","Petal.Length",100,100,50,1,0.54,3,3, 1.00000000,50.00000000,27.00000000,23.00000000, 0.50000000, 0.27000000, 0.23000000, 1.00000000
"2","<leaf>", 50, 50, 0,1,0.00,0,0, 1.00000000,50.00000000, 0.00000000, 0.00000000, 1.00000000, 0.00000000, 0.00000000, 0.50000000
"3","Petal.Width", 50, 50,23,2,0.44,3,3, 2.00000000, 0.00000000,27.00000000,23.00000000, 0.00000000, 0.54000000, 0.46000000, 0.50000000
"6","Petal.Length", 28, 28, 1,2,0.02,3,0, 2.00000000, 0.00000000,27.00000000, 1.00000000, 0.00000000, 0.96428571, 0.03571429, 0.28000000
"12","<leaf>", 27, 27, 0,2,0.00,0,0, 2.00000000, 0.00000000,27.00000000, 0.00000000, 0.00000000, 1.00000000, 0.00000000, 0.27000000
"13","<leaf>",  1,  1, 0,3,0.00,0,0, 3.00000000, 0.00000000, 0.00000000, 1.00000000, 0.00000000, 0.00000000, 1.00000000, 0.01000000
"7","<leaf>", 22, 22, 0,3,0.00,0,0, 3.00000000, 0.00000000, 0.00000000,22.00000000, 0.00000000, 0.00000000, 1.00000000, 0.22000000
