"","var","n","wt","dev","yval","complexity","ncompete","nsurrogate","yval2.","yval2.","yval2.","yval2.","yval2.","yval2.","yval2.","yval2.nodeprob"
"1","Petal.Length",99,99,45,1,0.51111111,3,3, 1.00000000,54.00000000,23.00000000,22.00000000, 0.54545455, 0.23232323, 0.22222222, 1.00000000
"2","<leaf>",54,54, 0,1,0.00000000,0,0, 1.00000000,54.00000000, 0.00000000, 0.00000000, 1.00000000, 0.00000000, 0.00000000, 0.54545455
"3","Petal.Width",45,45,22,2,0.46666667,3,3, 2.00000000, 0.00000000,23.00000000,22.00000000, 0.00000000, 0.51111111, 0.48888889, 0.45454545
"6","<leaf>",22,22, 0,2,0.00000000,0,0, 2.00000000, 0.00000000,22.00000000, 0.00000000, 0.00000000, 1.00000000, 0.00000000, 0.22222222
"7","Petal.Length",23,23, 1,3,0.01111111,3,0, 3.00000000, 0.00000000, 1.00000000,22.00000000, 0.00000000, 0.04347826, 0.95652174, 0.23232323
"14","Sepal.Length", 2, 2, 1,2,0.01111111,1,0, 2.00000000, 0.00000000, 1.00000000, 1.00000000, 0.00000000, 0.50000000, 0.50000000, 0.02020202
"28","<leaf>", 1, 1, 0,2,0.00000000,0,0, 2.00000000, 0.00000000, 1.00000000, 0.00000000, 0.00000000, 1.00000000, 0.00000000, 0.01010101
"29","<leaf>", 1, 1, 0,3,0.00000000,0,0, 3.00000000, 0.00000000, 0.00000000, 1.00000000, 0.00000000, 0.00000000, 1.00000000, 0.01010101
"15","<leaf>",21,21, 0,3,0.00000000,0,0, 3.00000000, 0.00000000, 0.00000000,21.00000000, 0.00000000, 0.00000000, 1.00000000, 0.21212121
