"","var","n","wt","dev","yval","complexity","ncompete","nsurrogate","yval2.","yval2.","yval2.","yval2.","yval2.","yval2.","yval2.","yval2.nodeprob"
"1","Petal.Length",99,99,50,3,0.54,3,3, 3.00000000,27.00000000,23.00000000,49.00000000, 0.27272727, 0.23232323, 0.49494949, 1.00000000
"2","Petal.Length",49,49,22,1,0.44,3,3, 1.00000000,27.00000000,22.00000000, 0.00000000, 0.55102041, 0.44897959, 0.00000000, 0.49494949
"4","<leaf>",27,27, 0,1,0.00,0,0, 1.00000000,27.00000000, 0.00000000, 0.00000000, 1.00000000, 0.00000000, 0.00000000, 0.27272727
"5","<leaf>",22,22, 0,2,0.00,0,0, 2.00000000, 0.00000000,22.00000000, 0.00000000, 0.00000000, 1.00000000, 0.00000000, 0.22222222
"3","Sepal.Length",50,50, 1,3,0.01,3,0, 3.00000000, 0.00000000, 1.00000000,49.00000000, 0.00000000, 0.02000000, 0.98000000, 0.50505051
"6","Sepal.Length", 2, 2, 1,2,0.01,3,0, 2.00000000, 0.00000000, 1.00000000, 1.00000000, 0.00000000, 0.50000000, 0.50000000, 0.02020202
"12","<leaf>", 1, 1, 0,2,0.00,0,0, 2.00000000, 0.00000000, 1.00000000, 0.00000000, 0.00000000, 1.00000000, 0.00000000, 0.01010101
"13","<leaf>", 1, 1, 0,3,0.00,0,0, 3.00000000, 0.00000000, 0.00000000, 1.00000000, 0.00000000, 0.00000000, 1.00000000, 0.01010101
"7","<leaf>",48,48, 0,3,0.00,0,0, 3.00000000, 0.00000000, 0.00000000,48.00000000, 0.00000000, 0.00000000, 1.00000000, 0.48484848
