"","var","n","wt","dev","yval","complexity","ncompete","nsurrogate","yval2.","yval2.","yval2.","yval2.","yval2.","yval2.","yval2.","yval2.nodeprob"
"1","Petal.Length",100,100,46,3,0.50000000,3,3, 3.00000000,21.00000000,25.00000000,54.00000000, 0.21000000, 0.25000000, 0.54000000, 1.00000000
"2","Petal.Length", 48, 48,23,2,0.45652174,3,3, 2.00000000,21.00000000,25.00000000, 2.00000000, 0.43750000, 0.52083333, 0.04166667, 0.48000000
"4","<leaf>", 21, 21, 0,1,0.00000000,0,0, 1.00000000,21.00000000, 0.00000000, 0.00000000, 1.00000000, 0.00000000, 0.00000000, 0.21000000
"5","Petal.Width", 27, 27, 2,2,0.02173913,3,1, 2.00000000, 0.00000000,25.00000000, 2.00000000, 0.00000000, 0.92592593, 0.07407407, 0.27000000
"10","<leaf>", 24, 24, 0,2,0.00000000,0,0, 2.00000000, 0.00000000,24.00000000, 0.00000000, 0.00000000, 1.00000000, 0.00000000, 0.24000000
"11","Sepal.Width",  3,  3, 1,3,0.02173913,3,0, 3.00000000, 0.00000000, 1.00000000, 2.00000000, 0.00000000, 0.33333333, 0.66666667, 0.03000000
"22","<leaf>",  1,  1, 0,2,0.00000000,0,0, 2.00000000, 0.00000000, 1.00000000, 0.00000000, 0.00000000, 1.00000000, 0.00000000, 0.01000000
"23","<leaf>",  2,  2, 0,3,0.00000000,0,0, 3.00000000, 0.00000000, 0.00000000, 2.00000000, 0.00000000, 0.00000000, 1.00000000, 0.02000000
"3","<leaf>", 52, 52, 0,3,0.00000000,0,0, 3.00000000, 0.00000000, 0.00000000,52.00000000, 0.00000000, 0.00000000, 1.00000000, 0.52000000
