"","var","n","wt","dev","yval","complexity","ncompete","nsurrogate","yval2.","yval2.","yval2.","yval2.","yval2.","yval2.","yval2.","yval2.nodeprob"
"1","Petal.Length",99,99,46,2,0.47826087,3,3, 2.00000000,22.00000000,53.00000000,24.00000000, 0.22222222, 0.53535354, 0.24242424, 1.00000000
"2","<leaf>",22,22, 0,1,0.00000000,0,0, 1.00000000,22.00000000, 0.00000000, 0.00000000, 1.00000000, 0.00000000, 0.00000000, 0.22222222
"3","Petal.Width",77,77,24,2,0.45652174,3,3, 2.00000000, 0.00000000,53.00000000,24.00000000, 0.00000000, 0.68831169, 0.31168831, 0.77777778
"6","Petal.Length",56,56, 3,2,0.04347826,3,0, 2.00000000, 0.00000000,53.00000000, 3.00000000, 0.00000000, 0.94642857, 0.05357143, 0.56565657
"12","<leaf>",52,52, 0,2,0.00000000,0,0, 2.00000000, 0.00000000,52.00000000, 0.00000000, 0.00000000, 1.00000000, 0.00000000, 0.52525253
"13","Sepal.Length", 4, 4, 1,3,0.02173913,3,0, 3.00000000, 0.00000000, 1.00000000, 3.00000000, 0.00000000, 0.25000000, 0.75000000, 0.04040404
"26","<leaf>", 1, 1, 0,2,0.00000000,0,0, 2.00000000, 0.00000000, 1.00000000, 0.00000000, 0.00000000, 1.00000000, 0.00000000, 0.01010101
"27","<leaf>", 3, 3, 0,3,0.00000000,0,0, 3.00000000, 0.00000000, 0.00000000, 3.00000000, 0.00000000, 0.00000000, 1.00000000, 0.03030303
"7","<leaf>",21,21, 0,3,0.00000000,0,0, 3.00000000, 0.00000000, 0.00000000,21.00000000, 0.00000000, 0.00000000, 1.00000000, 0.21212121
