"","var","n","wt","dev","yval","complexity","ncompete","nsurrogate","yval2.","yval2.","yval2.","yval2.","yval2.","yval2.","yval2.","yval2.nodeprob"
"1","Petal.Length",99,99,52,1,0.50000000,3,3, 1.00000000,47.00000000,26.00000000,26.00000000, 0.47474747, 0.26262626, 0.26262626, 1.00000000
"2","<leaf>",47,47, 0,1,0.00000000,0,0, 1.00000000,47.00000000, 0.00000000, 0.00000000, 1.00000000, 0.00000000, 0.00000000, 0.47474747
"3","Petal.Length",52,52,26,2,0.48076923,3,3, 2.00000000, 0.00000000,26.00000000,26.00000000, 0.00000000, 0.50000000, 0.50000000, 0.52525253
"6","Petal.Width",27,27, 1,2,0.01923077,3,0, 2.00000000, 0.00000000,26.00000000, 1.00000000, 0.00000000, 0.96296296, 0.03703704, 0.27272727
"12","<leaf>",26,26, 0,2,0.00000000,0,0, 2.00000000, 0.00000000,26.00000000, 0.00000000, 0.00000000, 1.00000000, 0.00000000, 0.26262626
"13","<leaf>", 1, 1, 0,3,0.00000000,0,0, 3.00000000, 0.00000000, 0.00000000, 1.00000000, 0.00000000, 0.00000000, 1.00000000, 0.01010101
"7","<leaf>",25,25, 0,3,0.00000000,0,0, 3.00000000, 0.00000000, 0.00000000,25.00000000, 0.00000000, 0.00000000, 1.00000000, 0.25252525
