"","var","n","wt","dev","yval","complexity","ncompete","nsurrogate","yval2.","yval2.","yval2.","yval2.","yval2.","yval2.","yval2.","yval2.nodeprob"
"1","Petal.Length",99,99,53,2,0.584905660,3,3, 2.00000000,31.00000000,46.00000000,22.00000000, 0.31313131, 0.46464646, 0.22222222, 1.00000000
"2","<leaf>",31,31, 0,1,0.000000000,0,0, 1.00000000,31.00000000, 0.00000000, 0.00000000, 1.00000000, 0.00000000, 0.00000000, 0.31313131
"3","Petal.Width",68,68,22,2,0.396226415,3,3, 2.00000000, 0.00000000,46.00000000,22.00000000, 0.00000000, 0.67647059, 0.32352941, 0.68686869
"6","Sepal.Width",47,47, 1,2,0.009433962,3,0, 2.00000000, 0.00000000,46.00000000, 1.00000000, 0.00000000, 0.97872340, 0.02127660, 0.47474747
"12","<leaf>",45,45, 0,2,0.000000000,0,0, 2.00000000, 0.00000000,45.00000000, 0.00000000, 0.00000000, 1.00000000, 0.00000000, 0.45454545
"13","Petal.Length", 2, 2, 1,2,0.009433962,1,0, 2.00000000, 0.00000000, 1.00000000, 1.00000000, 0.00000000, 0.50000000, 0.50000000, 0.02020202
"26","<leaf>", 1, 1, 0,2,0.000000000,0,0, 2.00000000, 0.00000000, 1.00000000, 0.00000000, 0.00000000, 1.00000000, 0.00000000, 0.01010101
"27","<leaf>", 1, 1, 0,3,0.000000000,0,0, 3.00000000, 0.00000000, 0.00000000, 1.00000000, 0.00000000, 0.00000000, 1.00000000, 0.01010101
"7","<leaf>",21,21, 0,3,0.000000000,0,0, 3.00000000, 0.00000000, 0.00000000,21.00000000, 0.00000000, 0.00000000, 1.00000000, 0.21212121
