"","var","n","wt","dev","yval","complexity","ncompete","nsurrogate","yval2.","yval2.","yval2.","yval2.","yval2.","yval2.","yval2.","yval2.nodeprob"
"1","Petal.Length",100,100,55,3,0.545454545,3,3, 3.00000000,30.00000000,25.00000000,45.00000000, 0.30000000, 0.25000000, 0.45000000, 1.00000000
"2","Petal.Length", 54, 54,24,1,0.436363636,3,3, 1.00000000,30.00000000,24.00000000, 0.00000000, 0.55555556, 0.44444444, 0.00000000, 0.54000000
"4","<leaf>", 30, 30, 0,1,0.000000000,0,0, 1.00000000,30.00000000, 0.00000000, 0.00000000, 1.00000000, 0.00000000, 0.00000000, 0.30000000
"5","<leaf>", 24, 24, 0,2,0.000000000,0,0, 2.00000000, 0.00000000,24.00000000, 0.00000000, 0.00000000, 1.00000000, 0.00000000, 0.24000000
"3","Petal.Length", 46, 46, 1,3,0.009090909,3,1, 3.00000000, 0.00000000, 1.00000000,45.00000000, 0.00000000, 0.02173913, 0.97826087, 0.46000000
"6","Sepal.Length",  3,  3, 1,3,0.009090909,3,0, 3.00000000, 0.00000000, 1.00000000, 2.00000000, 0.00000000, 0.33333333, 0.66666667, 0.03000000
"12","<leaf>",  1,  1, 0,2,0.000000000,0,0, 2.00000000, 0.00000000, 1.00000000, 0.00000000, 0.00000000, 1.00000000, 0.00000000, 0.01000000
"13","<leaf>",  2,  2, 0,3,0.000000000,0,0, 3.00000000, 0.00000000, 0.00000000, 2.00000000, 0.00000000, 0.00000000, 1.00000000, 0.02000000
"7","<leaf>", 43, 43, 0,3,0.000000000,0,0, 3.00000000, 0.00000000, 0.00000000,43.00000000, 0.00000000, 0.00000000, 1.00000000, 0.43000000
