"","var","n","wt","dev","yval","complexity","ncompete","nsurrogate","yval2.","yval2.","yval2.","yval2.","yval2.","yval2.","yval2.","yval2.nodeprob"
"1","Petal.Length",99,99,49,3,0.55102041,3,3, 3.00000000,20.00000000,29.00000000,50.00000000, 0.20202020, 0.29292929, 0.50505051, 1.00000000
"2","Petal.Length",51,51,22,2,0.40816327,3,3, 2.00000000,20.00000000,29.00000000, 2.00000000, 0.39215686, 0.56862745, 0.03921569, 0.51515152
"4","<leaf>",20,20, 0,1,0.00000000,0,0, 1.00000000,20.00000000, 0.00000000, 0.00000000, 1.00000000, 0.00000000, 0.00000000, 0.20202020
"5","Petal.Width",31,31, 2,2,0.02040816,3,1, 2.00000000, 0.00000000,29.00000000, 2.00000000, 0.00000000, 0.93548387, 0.06451613, 0.31313131
"10","<leaf>",28,28, 0,2,0.00000000,0,0, 2.00000000, 0.00000000,28.00000000, 0.00000000, 0.00000000, 1.00000000, 0.00000000, 0.28282828
"11","Sepal.Length", 3, 3, 1,3,0.02040816,2,0, 3.00000000, 0.00000000, 1.00000000, 2.00000000, 0.00000000, 0.33333333, 0.66666667, 0.03030303
"22","<leaf>", 1, 1, 0,2,0.00000000,0,0, 2.00000000, 0.00000000, 1.00000000, 0.00000000, 0.00000000, 1.00000000, 0.00000000, 0.01010101
"23","<leaf>", 2, 2, 0,3,0.00000000,0,0, 3.00000000, 0.00000000, 0.00000000, 2.00000000, 0.00000000, 0.00000000, 1.00000000, 0.02020202
"3","<leaf>",48,48, 0,3,0.00000000,0,0, 3.00000000, 0.00000000, 0.00000000,48.00000000, 0.00000000, 0.00000000, 1.00000000, 0.48484848
