"","var","n","wt","dev","yval","complexity","ncompete","nsurrogate","yval2.","yval2.","yval2.","yval2.","yval2.","yval2.","yval2.","yval2.nodeprob"
"1","Petal.Width",100,100,55,3,0.581818182,3,3, 3.00000000,33.00000000,22.00000000,45.00000000, 0.33000000, 0.22000000, 0.45000000, 1.00000000
"2","Petal.Length", 56, 56,23,1,0.400000000,3,3, 1.00000000,33.00000000,22.00000000, 1.00000000, 0.58928571, 0.39285714, 0.01785714, 0.56000000
"4","<leaf>", 33, 33, 0,1,0.000000000,0,0, 1.00000000,33.00000000, 0.00000000, 0.00000000, 1.00000000, 0.00000000, 0.00000000, 0.33000000
"5","Sepal.Width", 23, 23, 1,2,0.009090909,3,0, 2.00000000, 0.00000000,22.00000000, 1.00000000, 0.00000000, 0.95652174, 0.04347826, 0.23000000
"10","<leaf>", 21, 21, 0,2,0.000000000,0,0, 2.00000000, 0.00000000,21.00000000, 0.00000000, 0.00000000, 1.00000000, 0.00000000, 0.21000000
"11","Petal.Length",  2,  2, 1,2,0.009090909,1,0, 2.00000000, 0.00000000, 1.00000000, 1.00000000, 0.00000000, 0.50000000, 0.50000000, 0.02000000
"22","<leaf>",  1,  1, 0,2,0.000000000,0,0, 2.00000000, 0.00000000, 1.00000000, 0.00000000, 0.00000000, 1.00000000, 0.00000000, 0.01000000
"23","<leaf>",  1,  1, 0,3,0.000000000,0,0, 3.00000000, 0.00000000, 0.00000000, 1.00000000, 0.00000000, 0.00000000, 1.00000000, 0.01000000
"3","<leaf>", 44, 44, 0,3,0.000000000,0,0, 3.00000000, 0.00000000, 0.00000000,44.00000000, 0.00000000, 0.00000000, 1.00000000, 0.44000000
