"","var","n","wt","dev","yval","complexity","ncompete","nsurrogate","yval2.","yval2.","yval2.","yval2.","yval2.","yval2.","yval2.","yval2.nodeprob"
"1","Petal.Width",99,99,55,3,0.490909091,3,3, 3.00000000,28.00000000,27.00000000,44.00000000, 0.28282828, 0.27272727, 0.44444444, 1.00000000
"2","Petal.Length",56,56,28,1,0.490909091,3,3, 1.00000000,28.00000000,27.00000000, 1.00000000, 0.50000000, 0.48214286, 0.01785714, 0.56565657
"4","<leaf>",28,28, 0,1,0.000000000,0,0, 1.00000000,28.00000000, 0.00000000, 0.00000000, 1.00000000, 0.00000000, 0.00000000, 0.28282828
"5","Sepal.Width",28,28, 1,2,0.009090909,3,0, 2.00000000, 0.00000000,27.00000000, 1.00000000, 0.00000000, 0.96428571, 0.03571429, 0.28282828
"10","<leaf>",25,25, 0,2,0.000000000,0,0, 2.00000000, 0.00000000,25.00000000, 0.00000000, 0.00000000, 1.00000000, 0.00000000, 0.25252525
"11","Petal.Length", 3, 3, 1,2,0.009090909,3,0, 2.00000000, 0.00000000, 2.00000000, 1.00000000, 0.00000000, 0.66666667, 0.33333333, 0.03030303
"22","<leaf>", 2, 2, 0,2,0.000000000,0,0, 2.00000000, 0.00000000, 2.00000000, 0.00000000, 0.00000000, 1.00000000, 0.00000000, 0.02020202
"23","<leaf>", 1, 1, 0,3,0.000000000,0,0, 3.00000000, 0.00000000, 0.00000000, 1.00000000, 0.00000000, 0.00000000, 1.00000000, 0.01010101
"3","<leaf>",43,43, 0,3,0.000000000,0,0, 3.00000000, 0.00000000, 0.00000000,43.00000000, 0.00000000, 0.00000000, 1.00000000, 0.43434343
