"","var","n","wt","dev","yval","complexity","ncompete","nsurrogate","yval2.","yval2.","yval2.","yval2.","yval2.","yval2.","yval2.","yval2.nodeprob"
"1","Petal.Length",99,99,50,1,0.54,3,3, 1.00000000,49.00000000,27.00000000,23.00000000, 0.49494949, 0.27272727, 0.23232323, 1.00000000
"2","<leaf>",49,49, 0,1,0.00,0,0, 1.00000000,49.00000000, 0.00000000, 0.00000000, 1.00000000, 0.00000000, 0.00000000, 0.49494949
"3","Petal.Length",50,50,23,2,0.44,3,3, 2.00000000, 0.00000000,27.00000000,23.00000000, 0.00000000, 0.54000000, 0.46000000, 0.50505051
"6","Petal.Width",28,28, 1,2,0.01,3,1, 2.00000000, 0.00000000,27.00000000, 1.00000000, 0.00000000, 0.96428571, 0.03571429, 0.28282828
"12","<leaf>",26,26, 0,2,0.00,0,0, 2.00000000, 0.00000000,26.00000000, 0.00000000, 0.00000000, 1.00000000, 0.00000000, 0.26262626
"13","Sepal.Length", 2, 2, 1,2,0.01,1,0, 2.00000000, 0.00000000, 1.00000000, 1.00000000, 0.00000000, 0.50000000, 0.50000000, 0.02020202
"26","<leaf>", 1, 1, 0,2,0.00,0,0, 2.00000000, 0.00000000, 1.00000000, 0.00000000, 0.00000000, 1.00000000, 0.00000000, 0.01010101
"27","<leaf>", 1, 1, 0,3,0.00,0,0, 3.00000000, 0.00000000, 0.00000000, 1.00000000, 0.00000000, 0.00000000, 1.00000000, 0.01010101
"7","<leaf>",22,22, 0,3,0.00,0,0, 3.00000000, 0.00000000, 0.00000000,22.00000000, 0.00000000, 0.00000000, 1.00000000, 0.22222222
