"","var","n","wt","dev","yval","complexity","ncompete","nsurrogate","yval2.","yval2.","yval2.","yval2.","yval2.","yval2.","yval2.","yval2.nodeprob"
"1","Petal.Length",100,100,54,1,0.53703704,3,3, 1.00000000,46.00000000,25.00000000,29.00000000, 0.46000000, 0.25000000, 0.29000000, 1.00000000
"2","<leaf>", 46, 46, 0,1,0.00000000,0,0, 1.00000000,46.00000000, 0.00000000, 0.00000000, 1.00000000, 0.00000000, 0.00000000, 0.46000000
"3","Petal.Length", 54, 54,25,3,0.42592593,3,3, 3.00000000, 0.00000000,25.00000000,29.00000000, 0.00000000, 0.46296296, 0.53703704, 0.54000000
"6","Petal.Width", 27, 27, 2,2,0.01851852,3,1, 2.00000000, 0.00000000,25.00000000, 2.00000000, 0.00000000, 0.92592593, 0.07407407, 0.27000000
"12","<leaf>", 24, 24, 0,2,0.00000000,0,0, 2.00000000, 0.00000000,24.00000000, 0.00000000, 0.00000000, 1.00000000, 0.00000000, 0.24000000
"13","Sepal.Width",  3,  3, 1,3,0.01851852,3,0, 3.00000000, 0.00000000, 1.00000000, 2.00000000, 0.00000000, 0.33333333, 0.66666667, 0.03000000
"26","<leaf>",  1,  1, 0,2,0.00000000,0,0, 2.00000000, 0.00000000, 1.00000000, 0.00000000, 0.00000000, 1.00000000, 0.00000000, 0.01000000
"27","<leaf>",  2,  2, 0,3,0.00000000,0,0, 3.00000000, 0.00000000, 0.00000000, 2.00000000, 0.00000000, 0.00000000, 1.00000000, 0.02000000
"7","<leaf>", 27, 27, 0,3,0.00000000,0,0, 3.00000000, 0.00000000, 0.00000000,27.00000000, 0.00000000, 0.00000000, 1.00000000, 0.27000000
