"","var","n","wt","dev","yval","complexity","ncompete","nsurrogate","yval2.","yval2.","yval2.","yval2.","yval2.","yval2.","yval2.","yval2.nodeprob"
"1","Petal.Width",100,100,52,3,0.48076923,3,3, 3.00000000,27.00000000,25.00000000,48.00000000, 0.27000000, 0.25000000, 0.48000000, 1.00000000
"2","Petal.Length", 54, 54,27,1,0.48076923,3,3, 1.00000000,27.00000000,25.00000000, 2.00000000, 0.50000000, 0.46296296, 0.03703704, 0.54000000
"4","<leaf>", 27, 27, 0,1,0.00000000,0,0, 1.00000000,27.00000000, 0.00000000, 0.00000000, 1.00000000, 0.00000000, 0.00000000, 0.27000000
"5","Petal.Length", 27, 27, 2,2,0.03846154,3,0, 2.00000000, 0.00000000,25.00000000, 2.00000000, 0.00000000, 0.92592593, 0.07407407, 0.27000000
"10","<leaf>", 25, 25, 0,2,0.00000000,0,0, 2.00000000, 0.00000000,25.00000000, 0.00000000, 0.00000000, 1.00000000, 0.00000000, 0.25000000
"11","<leaf>",  2,  2, 0,3,0.00000000,0,0, 3.00000000, 0.00000000, 0.00000000, 2.00000000, 0.00000000, 0.00000000, 1.00000000, 0.02000000
"3","<leaf>", 46, 46, 0,3,0.00000000,0,0, 3.00000000, 0.00000000, 0.00000000,46.00000000, 0.00000000, 0.00000000, 1.00000000, 0.46000000
