"","var","n","wt","dev","yval","complexity","ncompete","nsurrogate","yval2.","yval2.","yval2.","yval2.","yval2.","yval2.","yval2.","yval2.nodeprob"
"1","Petal.Length",99,99,47,3,0.5106383,3,3, 3.00000000,24.00000000,23.00000000,52.00000000, 0.24242424, 0.23232323, 0.52525253, 1.00000000
"2","Petal.Length",46,46,22,1,0.4680851,3,3, 1.00000000,24.00000000,22.00000000, 0.00000000, 0.52173913, 0.47826087, 0.00000000, 0.46464646
"4","<leaf>",24,24, 0,1,0.0000000,0,0, 1.00000000,24.00000000, 0.00000000, 0.00000000, 1.00000000, 0.00000000, 0.00000000, 0.24242424
"5","<leaf>",22,22, 0,2,0.0000000,0,0, 2.00000000, 0.00000000,22.00000000, 0.00000000, 0.00000000, 1.00000000, 0.00000000, 0.22222222
"3","Petal.Length",53,53, 1,3,0.0106383,3,0, 3.00000000, 0.00000000, 1.00000000,52.00000000, 0.00000000, 0.01886792, 0.98113208, 0.53535354
"6","Sepal.Length", 4, 4, 1,3,0.0106383,3,0, 3.00000000, 0.00000000, 1.00000000, 3.00000000, 0.00000000, 0.25000000, 0.75000000, 0.04040404
"12","<leaf>", 1, 1, 0,2,0.0000000,0,0, 2.00000000, 0.00000000, 1.00000000, 0.00000000, 0.00000000, 1.00000000, 0.00000000, 0.01010101
"13","<leaf>", 3, 3, 0,3,0.0000000,0,0, 3.00000000, 0.00000000, 0.00000000, 3.00000000, 0.00000000, 0.00000000, 1.00000000, 0.03030303
"7","<leaf>",49,49, 0,3,0.0000000,0,0, 3.00000000, 0.00000000, 0.00000000,49.00000000, 0.00000000, 0.00000000, 1.00000000, 0.49494949
