"","var","n","wt","dev","yval","complexity","ncompete","nsurrogate","yval2.","yval2.","yval2.","yval2.","yval2.","yval2.","yval2.","yval2.nodeprob"
"1","Petal.Length",99,99,52,3,0.557692308,3,3, 3.00000000,29.00000000,23.00000000,47.00000000, 0.29292929, 0.23232323, 0.47474747, 1.00000000
"2","Petal.Length",51,51,22,1,0.423076923,3,3, 1.00000000,29.00000000,22.00000000, 0.00000000, 0.56862745, 0.43137255, 0.00000000, 0.51515152
"4","<leaf>",29,29, 0,1,0.000000000,0,0, 1.00000000,29.00000000, 0.00000000, 0.00000000, 1.00000000, 0.00000000, 0.00000000, 0.29292929
"5","<leaf>",22,22, 0,2,0.000000000,0,0, 2.00000000, 0.00000000,22.00000000, 0.00000000, 0.00000000, 1.00000000, 0.00000000, 0.22222222
"3","Petal.Length",48,48, 1,3,0.009615385,3,0, 3.00000000, 0.00000000, 1.00000000,47.00000000, 0.00000000, 0.02083333, 0.97916667, 0.48484848
"6","Sepal.Length", 3, 3, 1,3,0.009615385,2,0, 3.00000000, 0.00000000, 1.00000000, 2.00000000, 0.00000000, 0.33333333, 0.66666667, 0.03030303
"12","<leaf>", 1, 1, 0,2,0.000000000,0,0, 2.00000000, 0.00000000, 1.00000000, 0.00000000, 0.00000000, 1.00000000, 0.00000000, 0.01010101
"13","<leaf>", 2, 2, 0,3,0.000000000,0,0, 3.00000000, 0.00000000, 0.00000000, 2.00000000, 0.00000000, 0.00000000, 1.00000000, 0.02020202
"7","<leaf>",45,45, 0,3,0.000000000,0,0, 3.00000000, 0.00000000, 0.00000000,45.00000000, 0.00000000, 0.00000000, 1.00000000, 0.45454545
