"","var","n","wt","dev","yval","complexity","ncompete","nsurrogate","yval2.","yval2.","yval2.","yval2.","yval2.","yval2.","yval2.","yval2.nodeprob"
"1","Petal.Length",99,99,53,3,0.528301887,3,3, 3.00000000,28.00000000,25.00000000,46.00000000, 0.28282828, 0.25252525, 0.46464646, 1.00000000
"2","Petal.Length",52,52,24,1,0.452830189,3,3, 1.00000000,28.00000000,24.00000000, 0.00000000, 0.53846154, 0.46153846, 0.00000000, 0.52525253
"4","<leaf>",28,28, 0,1,0.000000000,0,0, 1.00000000,28.00000000, 0.00000000, 0.00000000, 1.00000000, 0.00000000, 0.00000000, 0.28282828
"5","<leaf>",24,24, 0,2,0.000000000,0,0, 2.00000000, 0.00000000,24.00000000, 0.00000000, 0.00000000, 1.00000000, 0.00000000, 0.24242424
"3","Petal.Width",47,47, 1,3,0.009433962,3,0, 3.00000000, 0.00000000, 1.00000000,46.00000000, 0.00000000, 0.02127660, 0.97872340, 0.47474747
"6","Sepal.Length", 3, 3, 1,3,0.009433962,3,0, 3.00000000, 0.00000000, 1.00000000, 2.00000000, 0.00000000, 0.33333333, 0.66666667, 0.03030303
"12","<leaf>", 1, 1, 0,2,0.000000000,0,0, 2.00000000, 0.00000000, 1.00000000, 0.00000000, 0.00000000, 1.00000000, 0.00000000, 0.01010101
"13","<leaf>", 2, 2, 0,3,0.000000000,0,0, 3.00000000, 0.00000000, 0.00000000, 2.00000000, 0.00000000, 0.00000000, 1.00000000, 0.02020202
"7","<leaf>",44,44, 0,3,0.000000000,0,0, 3.00000000, 0.00000000, 0.00000000,44.00000000, 0.00000000, 0.00000000, 1.00000000, 0.44444444
