"","var","n","wt","dev","yval","complexity","ncompete","nsurrogate","yval2.","yval2.","yval2.","yval2.","yval2.","yval2.","yval2.","yval2.nodeprob"
"1","Petal.Length",100,100,56,3,0.49107143,3,3, 3.00000000,28.00000000,28.00000000,44.00000000, 0.28000000, 0.28000000, 0.44000000, 1.00000000
"2","Petal.Length", 57, 57,29,1,0.49107143,3,3, 1.00000000,28.00000000,28.00000000, 1.00000000, 0.49122807, 0.49122807, 0.01754386, 0.57000000
"4","<leaf>", 28, 28, 0,1,0.00000000,0,0, 1.00000000,28.00000000, 0.00000000, 0.00000000, 1.00000000, 0.00000000, 0.00000000, 0.28000000
"5","Petal.Width", 29, 29, 1,2,0.01785714,3,0, 2.00000000, 0.00000000,28.00000000, 1.00000000, 0.00000000, 0.96551724, 0.03448276, 0.29000000
"10","<leaf>", 28, 28, 0,2,0.00000000,0,0, 2.00000000, 0.00000000,28.00000000, 0.00000000, 0.00000000, 1.00000000, 0.00000000, 0.28000000
"11","<leaf>",  1,  1, 0,3,0.00000000,0,0, 3.00000000, 0.00000000, 0.00000000, 1.00000000, 0.00000000, 0.00000000, 1.00000000, 0.01000000
"3","<leaf>", 43, 43, 0,3,0.00000000,0,0, 3.00000000, 0.00000000, 0.00000000,43.00000000, 0.00000000, 0.00000000, 1.00000000, 0.43000000
