"","var","n","wt","dev","yval","complexity","ncompete","nsurrogate","yval2.","yval2.","yval2.","yval2.","yval2.","yval2.","yval2.","yval2.nodeprob"
"1","Petal.Length",100,100,52,2,0.500000000,3,3, 2.00000000,26.00000000,48.00000000,26.00000000, 0.26000000, 0.48000000, 0.26000000, 1.00000000
"2","<leaf>", 26, 26, 0,1,0.000000000,0,0, 1.00000000,26.00000000, 0.00000000, 0.00000000, 1.00000000, 0.00000000, 0.00000000, 0.26000000
"3","Petal.Width", 74, 74,26,2,0.480769231,3,3, 2.00000000, 0.00000000,48.00000000,26.00000000, 0.00000000, 0.64864865, 0.35135135, 0.74000000
"6","Sepal.Length", 49, 49, 1,2,0.009615385,3,1, 2.00000000, 0.00000000,48.00000000, 1.00000000, 0.00000000, 0.97959184, 0.02040816, 0.49000000
"12","<leaf>", 43, 43, 0,2,0.000000000,0,0, 2.00000000, 0.00000000,43.00000000, 0.00000000, 0.00000000, 1.00000000, 0.00000000, 0.43000000
"13","Petal.Length",  6,  6, 1,2,0.009615385,3,0, 2.00000000, 0.00000000, 5.00000000, 1.00000000, 0.00000000, 0.83333333, 0.16666667, 0.06000000
"26","<leaf>",  5,  5, 0,2,0.000000000,0,0, 2.00000000, 0.00000000, 5.00000000, 0.00000000, 0.00000000, 1.00000000, 0.00000000, 0.05000000
"27","<leaf>",  1,  1, 0,3,0.000000000,0,0, 3.00000000, 0.00000000, 0.00000000, 1.00000000, 0.00000000, 0.00000000, 1.00000000, 0.01000000
"7","<leaf>", 25, 25, 0,3,0.000000000,0,0, 3.00000000, 0.00000000, 0.00000000,25.00000000, 0.00000000, 0.00000000, 1.00000000, 0.25000000
