"","var","n","wt","dev","yval","complexity","ncompete","nsurrogate","yval2.","yval2.","yval2.","yval2.","yval2.","yval2.","yval2.","yval2.nodeprob"
"1","Petal.Width",99,99,49,3,0.47959184,3,3, 3.00000000,24.00000000,25.00000000,50.00000000, 0.24242424, 0.25252525, 0.50505051, 1.00000000
"2","Petal.Length",51,51,26,2,0.47959184,3,3, 2.00000000,24.00000000,25.00000000, 2.00000000, 0.47058824, 0.49019608, 0.03921569, 0.51515152
"4","<leaf>",24,24, 0,1,0.00000000,0,0, 1.00000000,24.00000000, 0.00000000, 0.00000000, 1.00000000, 0.00000000, 0.00000000, 0.24242424
"5","Petal.Length",27,27, 2,2,0.02040816,3,0, 2.00000000, 0.00000000,25.00000000, 2.00000000, 0.00000000, 0.92592593, 0.07407407, 0.27272727
"10","<leaf>",24,24, 0,2,0.00000000,0,0, 2.00000000, 0.00000000,24.00000000, 0.00000000, 0.00000000, 1.00000000, 0.00000000, 0.24242424
"11","Sepal.Length", 3, 3, 1,3,0.02040816,3,0, 3.00000000, 0.00000000, 1.00000000, 2.00000000, 0.00000000, 0.33333333, 0.66666667, 0.03030303
"22","<leaf>", 1, 1, 0,2,0.00000000,0,0, 2.00000000, 0.00000000, 1.00000000, 0.00000000, 0.00000000, 1.00000000, 0.00000000, 0.01010101
"23","<leaf>", 2, 2, 0,3,0.00000000,0,0, 3.00000000, 0.00000000, 0.00000000, 2.00000000, 0.00000000, 0.00000000, 1.00000000, 0.02020202
"3","<leaf>",48,48, 0,3,0.00000000,0,0, 3.00000000, 0.00000000, 0.00000000,48.00000000, 0.00000000, 0.00000000, 1.00000000, 0.48484848
