"","var","n","wt","dev","yval","complexity","ncompete","nsurrogate","yval2.","yval2.","yval2.","yval2.","yval2.","yval2.","yval2.","yval2.nodeprob"
"1","Petal.Width",99,99,51,3,0.568627451,3,3, 3.00000000,29.00000000,22.00000000,48.00000000, 0.29292929, 0.22222222, 0.48484848, 1.00000000
"2","Petal.Length",50,50,21,1,0.411764706,3,3, 1.00000000,29.00000000,21.00000000, 0.00000000, 0.58000000, 0.42000000, 0.00000000, 0.50505051
"4","<leaf>",29,29, 0,1,0.000000000,0,0, 1.00000000,29.00000000, 0.00000000, 0.00000000, 1.00000000, 0.00000000, 0.00000000, 0.29292929
"5","<leaf>",21,21, 0,2,0.000000000,0,0, 2.00000000, 0.00000000,21.00000000, 0.00000000, 0.00000000, 1.00000000, 0.00000000, 0.21212121
"3","Petal.Width",49,49, 1,3,0.009803922,3,0, 3.00000000, 0.00000000, 1.00000000,48.00000000, 0.00000000, 0.02040816, 0.97959184, 0.49494949
"6","Sepal.Length", 2, 2, 1,2,0.009803922,2,0, 2.00000000, 0.00000000, 1.00000000, 1.00000000, 0.00000000, 0.50000000, 0.50000000, 0.02020202
"12","<leaf>", 1, 1, 0,2,0.000000000,0,0, 2.00000000, 0.00000000, 1.00000000, 0.00000000, 0.00000000, 1.00000000, 0.00000000, 0.01010101
"13","<leaf>", 1, 1, 0,3,0.000000000,0,0, 3.00000000, 0.00000000, 0.00000000, 1.00000000, 0.00000000, 0.00000000, 1.00000000, 0.01010101
"7","<leaf>",47,47, 0,3,0.000000000,0,0, 3.00000000, 0.00000000, 0.00000000,47.00000000, 0.00000000, 0.00000000, 1.00000000, 0.47474747
