{"graph": {"_type": "graph-file", "path": "media/graph/graph_summary_fa3e5db4.graph.json", "sha256": "fa3e5db496c12cd40cdecf0f644c41f26edaaca3fbb10616db83f89353ecf834", "size": 3018}, "loss": 0.16372768471880658, "op_bin_loss": 0.1334307273713554, "_timestamp": 1585902081.4017408, "op_feat_loss": 0.03019958039960063, "op_dir_acc": 1.0, "op_bin_acc": 0.9365853652721499, "op_dir_loss": 9.737115556717759e-05, "_step": 2999, "op_feat_acc": 0.9878048780487805, "_runtime": 655.762745141983, "epoch": 2999}
