{"graph": {"_type": "graph-file", "path": "media/graph/graph_summary_122264e4.graph.json", "sha256": "122264e49047553ba95ef7c227a4082c953bfbec3f4d054bae88621781b4669d", "size": 2065}, "_timestamp": 1586425331.1667943, "op_bin_acc": 0.4245535087533481, "epoch": 562, "loss": 2.6891582562708516, "_runtime": 3855.080734729767, "op_dir_loss": 0.13261551832099988, "_step": 562, "op_dir_acc": 0.9475460554574079, "op_feat_loss": 0.8153763506302198, "op_feat_acc": 0.7328083250043497, "op_bin_loss": 2.5194522129166663}
