iter	Logloss
0	0.4228020533
1	0.3696301778
